Sequence id,Sequence Description,gene_KO_number,organism id
0,>jgi|Crypa2|286166|estExt_Genewise1Plus.C_14208,N.A.,tmn:UCRPA7_5810,
0,>jgi|Crypa2|286166|estExt_Genewise1Plus.C_14208,N.A.,pan:PODANSg8916,
0,>jgi|Crypa2|286166|estExt_Genewise1Plus.C_14208,N.A.,mtm:MYCTH_2314646,
0,>jgi|Crypa2|286166|estExt_Genewise1Plus.C_14208,N.A.,mgr:MGG_08631,
0,>jgi|Crypa2|286166|estExt_Genewise1Plus.C_14208,N.A.,nte:NEUTE1DRAFT57815,
0,>jgi|Crypa2|286166|estExt_Genewise1Plus.C_14208,N.A.,smp:SMAC_03246,
0,>jgi|Crypa2|286166|estExt_Genewise1Plus.C_14208,N.A.,ncr:NCU01177,
0,>jgi|Crypa2|286166|estExt_Genewise1Plus.C_14208,N.A.,fpu:FPSE_11881,
0,>jgi|Crypa2|286166|estExt_Genewise1Plus.C_14208,N.A.,tre:TRIREDRAFT_4475,
0,>jgi|Crypa2|286166|estExt_Genewise1Plus.C_14208,N.A.,nhe:NECHADRAFT_63622,
1,>jgi|Crypa2|326650|fgenesh1_pg.1_#_1726,N.A.,mgr:MGG_08630,
1,>jgi|Crypa2|326650|fgenesh1_pg.1_#_1726,N.A.,nhe:NECHADRAFT_49278,
1,>jgi|Crypa2|326650|fgenesh1_pg.1_#_1726,N.A.,ela:UCREL1_413,
1,>jgi|Crypa2|326650|fgenesh1_pg.1_#_1726,N.A.,fpu:FPSE_11882,
1,>jgi|Crypa2|326650|fgenesh1_pg.1_#_1726,N.A.,smp:SMAC_03245,
1,>jgi|Crypa2|326650|fgenesh1_pg.1_#_1726,N.A.,ssl:SS1G_07650,
1,>jgi|Crypa2|326650|fgenesh1_pg.1_#_1726,N.A.,vda:VDAG_08531,
1,>jgi|Crypa2|326650|fgenesh1_pg.1_#_1726,N.A.,nte:NEUTE1DRAFT127683,
1,>jgi|Crypa2|326650|fgenesh1_pg.1_#_1726,N.A.,fgr:FGSG_06785,
1,>jgi|Crypa2|326650|fgenesh1_pg.1_#_1726,N.A.,val:VDBG_00247,
2,>jgi|Crypa2|105700|Crypa1.estExt_fgenesh1_pg.C_11654,K12882,tmn:UCRPA7_7853,
2,>jgi|Crypa2|105700|Crypa1.estExt_fgenesh1_pg.C_11654,K12882,ela:UCREL1_11413,
2,>jgi|Crypa2|105700|Crypa1.estExt_fgenesh1_pg.C_11654,K12882,smp:SMAC_04407,
2,>jgi|Crypa2|105700|Crypa1.estExt_fgenesh1_pg.C_11654,K12882,ttt:THITE_2108624,
2,>jgi|Crypa2|105700|Crypa1.estExt_fgenesh1_pg.C_11654,K12882,ncr:NCU04187,
2,>jgi|Crypa2|105700|Crypa1.estExt_fgenesh1_pg.C_11654,K12882,nte:NEUTE1DRAFT56677,
2,>jgi|Crypa2|105700|Crypa1.estExt_fgenesh1_pg.C_11654,K12882,mtm:MYCTH_2302387,
2,>jgi|Crypa2|105700|Crypa1.estExt_fgenesh1_pg.C_11654,K12882,nhe:NECHADRAFT_63552,
2,>jgi|Crypa2|105700|Crypa1.estExt_fgenesh1_pg.C_11654,K12882,vda:VDAG_08432,
2,>jgi|Crypa2|105700|Crypa1.estExt_fgenesh1_pg.C_11654,K12882,fgr:FGSG_07328,
3,>jgi|Crypa2|88057|Crypa1.estExt_Genewise1Plus.C_13519,K03083,cthr:CTHT_0061960,
3,>jgi|Crypa2|88057|Crypa1.estExt_Genewise1Plus.C_13519,K03083,ttt:THITE_2108621,
3,>jgi|Crypa2|88057|Crypa1.estExt_Genewise1Plus.C_13519,K03083,nhe:NECHADRAFT_71824,
3,>jgi|Crypa2|88057|Crypa1.estExt_Genewise1Plus.C_13519,K03083,mtm:MYCTH_2302383,
3,>jgi|Crypa2|88057|Crypa1.estExt_Genewise1Plus.C_13519,K03083,mgr:MGG_12122,
3,>jgi|Crypa2|88057|Crypa1.estExt_Genewise1Plus.C_13519,K03083,nte:NEUTE1DRAFT115704,
3,>jgi|Crypa2|88057|Crypa1.estExt_Genewise1Plus.C_13519,K03083,ncr:NCU04185,
3,>jgi|Crypa2|88057|Crypa1.estExt_Genewise1Plus.C_13519,K03083,pan:PODANSg8948,
3,>jgi|Crypa2|88057|Crypa1.estExt_Genewise1Plus.C_13519,K03083,fpu:FPSE_04134,
3,>jgi|Crypa2|88057|Crypa1.estExt_Genewise1Plus.C_13519,K03083,fgr:FGSG_07329,
4,>jgi|Crypa2|233998|gw1.1.3251.1,N.A.,bcom:BAUCODRAFT_51958,
4,>jgi|Crypa2|233998|gw1.1.3251.1,N.A.,ztr:MYCGRDRAFT_38509,
4,>jgi|Crypa2|233998|gw1.1.3251.1,N.A.,fpu:FPSE_05640,
4,>jgi|Crypa2|233998|gw1.1.3251.1,N.A.,fgr:FGSG_03580,
4,>jgi|Crypa2|233998|gw1.1.3251.1,N.A.,nhe:NECHADRAFT_54332,
4,>jgi|Crypa2|233998|gw1.1.3251.1,N.A.,pno:SNOG_06668,
4,>jgi|Crypa2|233998|gw1.1.3251.1,K00966,pte:PTT_18576,
4,>jgi|Crypa2|233998|gw1.1.3251.1,K00966,bsc:COCSADRAFT_167379,
4,>jgi|Crypa2|233998|gw1.1.3251.1,K00966,bze:COCCADRAFT_38657,
4,>jgi|Crypa2|233998|gw1.1.3251.1,K00966,bor:COCMIDRAFT_41347,
5,>jgi|Crypa2|349617|estExt_fgenesh1_pg.C_11699,N.A.,bfu:BC1G_06838,
5,>jgi|Crypa2|349617|estExt_fgenesh1_pg.C_11699,N.A.,cel:CELE_C06B3.8,
5,>jgi|Crypa2|349617|estExt_fgenesh1_pg.C_11699,K11907,bue:BRPE67_CCDS08540,
6,>jgi|Crypa2|344550|estExt_fgenesh1_pm.C_11411,K15115,nhe:NECHADRAFT_71843,
6,>jgi|Crypa2|344550|estExt_fgenesh1_pm.C_11411,K15115,cthr:CTHT_0062000,
6,>jgi|Crypa2|344550|estExt_fgenesh1_pm.C_11411,K15115,fpu:FPSE_04149,
6,>jgi|Crypa2|344550|estExt_fgenesh1_pm.C_11411,K15115,maj:MAA_07877,
6,>jgi|Crypa2|344550|estExt_fgenesh1_pm.C_11411,K15115,cmt:CCM_03760,
6,>jgi|Crypa2|344550|estExt_fgenesh1_pm.C_11411,K15115,ncr:NCU04180,
6,>jgi|Crypa2|344550|estExt_fgenesh1_pm.C_11411,K15115,mgr:MGG_03974,
6,>jgi|Crypa2|344550|estExt_fgenesh1_pm.C_11411,K15115,smp:SMAC_04410,
6,>jgi|Crypa2|344550|estExt_fgenesh1_pm.C_11411,K15115,fgr:FGSG_13127,
6,>jgi|Crypa2|344550|estExt_fgenesh1_pm.C_11411,K15115,nte:NEUTE1DRAFT75375,
7,>jgi|Crypa2|326643|fgenesh1_pg.1_#_1719,N.A.,pda:103711429,
8,>jgi|Crypa2|247944|e_gw1.1.1878.1,N.A.,bfo:BRAFLDRAFT_80521,
8,>jgi|Crypa2|247944|e_gw1.1.1878.1,N.A.,bfo:BRAFLDRAFT_58230,
8,>jgi|Crypa2|247944|e_gw1.1.1878.1,N.A.,bpg:Bathy04g01800,
8,>jgi|Crypa2|247944|e_gw1.1.1878.1,N.A.,api:103310695,
8,>jgi|Crypa2|247944|e_gw1.1.1878.1,N.A.,bfo:BRAFLDRAFT_76925,
8,>jgi|Crypa2|247944|e_gw1.1.1878.1,N.A.,bfo:BRAFLDRAFT_58229,
8,>jgi|Crypa2|247944|e_gw1.1.1878.1,N.A.,bfo:BRAFLDRAFT_65389,
8,>jgi|Crypa2|247944|e_gw1.1.1878.1,N.A.,bfo:BRAFLDRAFT_75128,
8,>jgi|Crypa2|247944|e_gw1.1.1878.1,N.A.,cmk:103184657,
8,>jgi|Crypa2|247944|e_gw1.1.1878.1,N.A.,api:103310711,
9,>jgi|Crypa2|354751|estExt_fgenesh1_kg.C_10778,K12161,cmt:CCM_03780,
9,>jgi|Crypa2|354751|estExt_fgenesh1_kg.C_10778,K12161,fgr:FGSG_07339,
9,>jgi|Crypa2|354751|estExt_fgenesh1_kg.C_10778,K12161,ela:UCREL1_8160,
9,>jgi|Crypa2|354751|estExt_fgenesh1_kg.C_10778,K12161,fpu:FPSE_04145,
9,>jgi|Crypa2|354751|estExt_fgenesh1_kg.C_10778,K12161,vda:VDAG_08451,
9,>jgi|Crypa2|354751|estExt_fgenesh1_kg.C_10778,K12161,tmn:UCRPA7_7856,
9,>jgi|Crypa2|354751|estExt_fgenesh1_kg.C_10778,K12161,cthr:CTHT_0062030,
9,>jgi|Crypa2|354751|estExt_fgenesh1_kg.C_10778,K12161,val:VDBG_00165,
9,>jgi|Crypa2|354751|estExt_fgenesh1_kg.C_10778,K12161,mtm:MYCTH_2302405,
9,>jgi|Crypa2|354751|estExt_fgenesh1_kg.C_10778,K12161,npa:UCRNP2_9087,
10,>jgi|Crypa2|246100|e_gw1.1.2108.1,K11374,nhe:NECHADRAFT_48873,
10,>jgi|Crypa2|246100|e_gw1.1.2108.1,K11374,mgr:MGG_03979,
10,>jgi|Crypa2|246100|e_gw1.1.2108.1,K11374,tre:TRIREDRAFT_103273,
10,>jgi|Crypa2|246100|e_gw1.1.2108.1,K11374,maj:MAA_07551,
10,>jgi|Crypa2|246100|e_gw1.1.2108.1,K11374,maw:MAC_05218,
10,>jgi|Crypa2|246100|e_gw1.1.2108.1,K11374,fpu:FPSE_04144,
10,>jgi|Crypa2|246100|e_gw1.1.2108.1,K11374,vda:VDAG_08450,
10,>jgi|Crypa2|246100|e_gw1.1.2108.1,K11374,ttt:THITE_134147,
10,>jgi|Crypa2|246100|e_gw1.1.2108.1,K11374,mtm:MYCTH_78432,
10,>jgi|Crypa2|246100|e_gw1.1.2108.1,K11374,bfu:BC1G_08186,
11,>jgi|Crypa2|246923|e_gw1.1.1803.1,N.A.,tmn:UCRPA7_7858,
11,>jgi|Crypa2|246923|e_gw1.1.1803.1,N.A.,smp:SMAC_04414,
11,>jgi|Crypa2|246923|e_gw1.1.1803.1,N.A.,nte:NEUTE1DRAFT119569,
11,>jgi|Crypa2|246923|e_gw1.1.1803.1,N.A.,ncr:NCU04175,
11,>jgi|Crypa2|246923|e_gw1.1.1803.1,N.A.,mgr:MGG_03980,
11,>jgi|Crypa2|246923|e_gw1.1.1803.1,N.A.,pan:PODANSg8979,
11,>jgi|Crypa2|246923|e_gw1.1.1803.1,N.A.,mtm:MYCTH_2033959,
11,>jgi|Crypa2|246923|e_gw1.1.1803.1,N.A.,fpu:FPSE_04143,
11,>jgi|Crypa2|246923|e_gw1.1.1803.1,N.A.,fgr:FGSG_07337,
11,>jgi|Crypa2|246923|e_gw1.1.1803.1,N.A.,nhe:NECHADRAFT_84771,
12,>jgi|Crypa2|19702|Crypa1.gw1.1.1466.1,N.A.,mgr:MGG_03981,
12,>jgi|Crypa2|19702|Crypa1.gw1.1.1466.1,N.A.,pan:PODANSg8978,
12,>jgi|Crypa2|19702|Crypa1.gw1.1.1466.1,N.A.,cmt:CCM_03786,
12,>jgi|Crypa2|19702|Crypa1.gw1.1.1466.1,N.A.,tre:TRIREDRAFT_124322,
12,>jgi|Crypa2|19702|Crypa1.gw1.1.1466.1,N.A.,tmn:UCRPA7_7859,
12,>jgi|Crypa2|19702|Crypa1.gw1.1.1466.1,N.A.,ncr:NCU04174,
12,>jgi|Crypa2|19702|Crypa1.gw1.1.1466.1,N.A.,mbe:MBM_08233,
12,>jgi|Crypa2|19702|Crypa1.gw1.1.1466.1,N.A.,nte:NEUTE1DRAFT97551,
12,>jgi|Crypa2|19702|Crypa1.gw1.1.1466.1,N.A.,smp:SMAC_04415,
12,>jgi|Crypa2|19702|Crypa1.gw1.1.1466.1,N.A.,cthr:CTHT_0062060,
13,>jgi|Crypa2|88045|Crypa1.estExt_Genewise1Plus.C_13499,K05692,val:VDBG_00158,
13,>jgi|Crypa2|88045|Crypa1.estExt_Genewise1Plus.C_13499,K05692,nhe:NECHADRAFT_63567,
13,>jgi|Crypa2|88045|Crypa1.estExt_Genewise1Plus.C_13499,K05692,fpu:FPSE_04141,
13,>jgi|Crypa2|88045|Crypa1.estExt_Genewise1Plus.C_13499,K05692,fgr:FGSG_07335,
13,>jgi|Crypa2|88045|Crypa1.estExt_Genewise1Plus.C_13499,K05692,tmn:UCRPA7_7860,
13,>jgi|Crypa2|88045|Crypa1.estExt_Genewise1Plus.C_13499,K05692,nte:NEUTE1DRAFT115707,
13,>jgi|Crypa2|88045|Crypa1.estExt_Genewise1Plus.C_13499,K05692,ncr:NCU04173,
13,>jgi|Crypa2|88045|Crypa1.estExt_Genewise1Plus.C_13499,K05692,ela:UCREL1_11410,
13,>jgi|Crypa2|88045|Crypa1.estExt_Genewise1Plus.C_13499,K05692,tre:TRIREDRAFT_44504,
13,>jgi|Crypa2|88045|Crypa1.estExt_Genewise1Plus.C_13499,K05692,mtm:MYCTH_2314852,
14,>jgi|Crypa2|272651|estExt_Genewise1.C_14213,N.A.,tmn:UCRPA7_7861,
14,>jgi|Crypa2|272651|estExt_Genewise1.C_14213,N.A.,nhe:NECHADRAFT_102822,
14,>jgi|Crypa2|272651|estExt_Genewise1.C_14213,N.A.,fgr:FGSG_07334,
14,>jgi|Crypa2|272651|estExt_Genewise1.C_14213,N.A.,fpu:FPSE_04140,
14,>jgi|Crypa2|272651|estExt_Genewise1.C_14213,N.A.,vda:VDAG_08444,
14,>jgi|Crypa2|272651|estExt_Genewise1.C_14213,N.A.,pan:PODANSg8976,
14,>jgi|Crypa2|272651|estExt_Genewise1.C_14213,N.A.,nte:NEUTE1DRAFT75392,
14,>jgi|Crypa2|272651|estExt_Genewise1.C_14213,N.A.,ncr:NCU04172,
14,>jgi|Crypa2|272651|estExt_Genewise1.C_14213,N.A.,tre:TRIREDRAFT_119924,
14,>jgi|Crypa2|272651|estExt_Genewise1.C_14213,N.A.,mgr:MGG_03983,
15,>jgi|Crypa2|320696|fgenesh1_kg.1_#_776_#_2973_1_CCBH_CCBI_EXTA,K02931,mtm:MYCTH_2302420,
15,>jgi|Crypa2|320696|fgenesh1_kg.1_#_776_#_2973_1_CCBH_CCBI_EXTA,K02931,cthr:CTHT_0062090,
15,>jgi|Crypa2|320696|fgenesh1_kg.1_#_776_#_2973_1_CCBH_CCBI_EXTA,K02931,ttt:THITE_2108654,
15,>jgi|Crypa2|320696|fgenesh1_kg.1_#_776_#_2973_1_CCBH_CCBI_EXTA,K02931,smp:SMAC_04418,
15,>jgi|Crypa2|320696|fgenesh1_kg.1_#_776_#_2973_1_CCBH_CCBI_EXTA,K02931,tre:TRIREDRAFT_74409,
15,>jgi|Crypa2|320696|fgenesh1_kg.1_#_776_#_2973_1_CCBH_CCBI_EXTA,K02931,maw:MAC_05225,
15,>jgi|Crypa2|320696|fgenesh1_kg.1_#_776_#_2973_1_CCBH_CCBI_EXTA,K02931,maj:MAA_07558,
15,>jgi|Crypa2|320696|fgenesh1_kg.1_#_776_#_2973_1_CCBH_CCBI_EXTA,K02931,nte:NEUTE1DRAFT119573,
15,>jgi|Crypa2|320696|fgenesh1_kg.1_#_776_#_2973_1_CCBH_CCBI_EXTA,K02931,ncr:NCU04171,
15,>jgi|Crypa2|320696|fgenesh1_kg.1_#_776_#_2973_1_CCBH_CCBI_EXTA,K02931,val:VDBG_00156,
16,>jgi|Crypa2|32760|Crypa1.e_gw1.1.3531.1,K06111,tmn:UCRPA7_7863,
16,>jgi|Crypa2|32760|Crypa1.e_gw1.1.3531.1,K06111,nhe:NECHADRAFT_84853,
16,>jgi|Crypa2|32760|Crypa1.e_gw1.1.3531.1,K06111,ttt:THITE_2108605,
16,>jgi|Crypa2|32760|Crypa1.e_gw1.1.3531.1,K06111,mgr:MGG_03985,
16,>jgi|Crypa2|32760|Crypa1.e_gw1.1.3531.1,K06111,ela:UCREL1_1400,
16,>jgi|Crypa2|32760|Crypa1.e_gw1.1.3531.1,K06111,smp:SMAC_04404,
16,>jgi|Crypa2|32760|Crypa1.e_gw1.1.3531.1,K06111,mtm:MYCTH_2302374,
16,>jgi|Crypa2|32760|Crypa1.e_gw1.1.3531.1,K06111,nte:NEUTE1DRAFT143802,
16,>jgi|Crypa2|32760|Crypa1.e_gw1.1.3531.1,K06111,fpu:FPSE_02794,
16,>jgi|Crypa2|32760|Crypa1.e_gw1.1.3531.1,K06111,ncr:NCU04190,
17,>jgi|Crypa2|286135|estExt_Genewise1Plus.C_14165,N.A.,tmn:UCRPA7_7867,
17,>jgi|Crypa2|286135|estExt_Genewise1Plus.C_14165,N.A.,bfu:BC1G_11306,
17,>jgi|Crypa2|286135|estExt_Genewise1Plus.C_14165,N.A.,ssl:SS1G_06333,
17,>jgi|Crypa2|286135|estExt_Genewise1Plus.C_14165,N.A.,ela:UCREL1_330,
17,>jgi|Crypa2|286135|estExt_Genewise1Plus.C_14165,N.A.,mtm:MYCTH_72932,
17,>jgi|Crypa2|286135|estExt_Genewise1Plus.C_14165,N.A.,nhe:NECHADRAFT_53415,
17,>jgi|Crypa2|286135|estExt_Genewise1Plus.C_14165,N.A.,mgr:MGG_10799,
17,>jgi|Crypa2|286135|estExt_Genewise1Plus.C_14165,N.A.,fpu:FPSE_04697,
17,>jgi|Crypa2|286135|estExt_Genewise1Plus.C_14165,N.A.,ang:ANI_1_936084,
17,>jgi|Crypa2|286135|estExt_Genewise1Plus.C_14165,N.A.,fgr:FGSG_03366,
18,>jgi|Crypa2|230823|gw1.1.2755.1,N.A.,pcs:Pc16g02830,
18,>jgi|Crypa2|230823|gw1.1.2755.1,N.A.,maj:MAA_08311,
18,>jgi|Crypa2|230823|gw1.1.2755.1,N.A.,cmt:CCM_03103,
18,>jgi|Crypa2|230823|gw1.1.2755.1,N.A.,tre:TRIREDRAFT_69077,
18,>jgi|Crypa2|230823|gw1.1.2755.1,N.A.,nhe:NECHADRAFT_95267,
18,>jgi|Crypa2|230823|gw1.1.2755.1,N.A.,aor:AOR_1_252054,
18,>jgi|Crypa2|230823|gw1.1.2755.1,N.A.,mtm:MYCTH_2115336,
18,>jgi|Crypa2|230823|gw1.1.2755.1,N.A.,ang:ANI_1_302124,
18,>jgi|Crypa2|230823|gw1.1.2755.1,N.A.,cnb:CNBE1820,
18,>jgi|Crypa2|230823|gw1.1.2755.1,N.A.,cne:CNE01850,
19,>jgi|Crypa2|245051|e_gw1.1.1068.1,K14845,ncr:NCU04191,
19,>jgi|Crypa2|245051|e_gw1.1.1068.1,K14845,nte:NEUTE1DRAFT119557,
19,>jgi|Crypa2|245051|e_gw1.1.1068.1,K14845,nhe:NECHADRAFT_48391,
19,>jgi|Crypa2|245051|e_gw1.1.1068.1,K14845,fpu:FPSE_04154,
19,>jgi|Crypa2|245051|e_gw1.1.1068.1,K14845,cmt:CCM_03755,
19,>jgi|Crypa2|245051|e_gw1.1.1068.1,K14845,vda:VDAG_08436,
19,>jgi|Crypa2|245051|e_gw1.1.1068.1,K14845,val:VDBG_00147,
19,>jgi|Crypa2|245051|e_gw1.1.1068.1,K14845,maj:MAA_07872,
19,>jgi|Crypa2|245051|e_gw1.1.1068.1,K14845,ela:UCREL1_9497,
19,>jgi|Crypa2|245051|e_gw1.1.1068.1,K14845,tre:TRIREDRAFT_53995,
20,>jgi|Crypa2|33675|Crypa1.e_gw1.1.3586.1,K08838,maj:MAA_07873,
20,>jgi|Crypa2|33675|Crypa1.e_gw1.1.3586.1,K08838,maw:MAC_05921,
20,>jgi|Crypa2|33675|Crypa1.e_gw1.1.3586.1,K08838,fpu:FPSE_04153,
20,>jgi|Crypa2|33675|Crypa1.e_gw1.1.3586.1,K08838,nhe:NECHADRAFT_48922,
20,>jgi|Crypa2|33675|Crypa1.e_gw1.1.3586.1,K08838,fgr:FGSG_07344,
20,>jgi|Crypa2|33675|Crypa1.e_gw1.1.3586.1,K08838,vda:VDAG_08437,
20,>jgi|Crypa2|33675|Crypa1.e_gw1.1.3586.1,K08838,cmt:CCM_03756,
20,>jgi|Crypa2|33675|Crypa1.e_gw1.1.3586.1,K08838,mgr:MGG_12118,
20,>jgi|Crypa2|33675|Crypa1.e_gw1.1.3586.1,K08838,tre:TRIREDRAFT_21373,
20,>jgi|Crypa2|33675|Crypa1.e_gw1.1.3586.1,K08838,pan:PODANSg8942,
21,>jgi|Crypa2|59958|Crypa1.fgenesh1_pm.C_scaffold_1001195,N.A.,mtm:MYCTH_2302369,
21,>jgi|Crypa2|59958|Crypa1.fgenesh1_pm.C_scaffold_1001195,N.A.,ttt:THITE_2108596,
21,>jgi|Crypa2|59958|Crypa1.fgenesh1_pm.C_scaffold_1001195,N.A.,maj:MAA_07874,
21,>jgi|Crypa2|59958|Crypa1.fgenesh1_pm.C_scaffold_1001195,N.A.,fgr:FGSG_13130,
21,>jgi|Crypa2|59958|Crypa1.fgenesh1_pm.C_scaffold_1001195,N.A.,fpu:FPSE_04152,
21,>jgi|Crypa2|59958|Crypa1.fgenesh1_pm.C_scaffold_1001195,N.A.,maw:MAC_05920,
21,>jgi|Crypa2|59958|Crypa1.fgenesh1_pm.C_scaffold_1001195,N.A.,nhe:NECHADRAFT_105311,
21,>jgi|Crypa2|59958|Crypa1.fgenesh1_pm.C_scaffold_1001195,N.A.,cthr:CTHT_0061900,
21,>jgi|Crypa2|59958|Crypa1.fgenesh1_pm.C_scaffold_1001195,N.A.,vda:VDAG_08438,
21,>jgi|Crypa2|59958|Crypa1.fgenesh1_pm.C_scaffold_1001195,N.A.,mgr:MGG_12117,
22,>jgi|Crypa2|97107|Crypa1.estExt_fgenesh1_pm.C_11182,K12608,tmn:UCRPA7_7868,
22,>jgi|Crypa2|97107|Crypa1.estExt_fgenesh1_pm.C_11182,K12608,nhe:NECHADRAFT_101582,
22,>jgi|Crypa2|97107|Crypa1.estExt_fgenesh1_pm.C_11182,K12608,fpu:FPSE_03220,
22,>jgi|Crypa2|97107|Crypa1.estExt_fgenesh1_pm.C_11182,K12608,fgr:FGSG_07165,
22,>jgi|Crypa2|97107|Crypa1.estExt_fgenesh1_pm.C_11182,K12608,maj:MAA_09985,
22,>jgi|Crypa2|97107|Crypa1.estExt_fgenesh1_pm.C_11182,K12608,ncr:NCU04097,
22,>jgi|Crypa2|97107|Crypa1.estExt_fgenesh1_pm.C_11182,K12608,maw:MAC_05105,
22,>jgi|Crypa2|97107|Crypa1.estExt_fgenesh1_pm.C_11182,K12608,tre:TRIREDRAFT_53818,
22,>jgi|Crypa2|97107|Crypa1.estExt_fgenesh1_pm.C_11182,K12608,smp:SMAC_04489,
22,>jgi|Crypa2|97107|Crypa1.estExt_fgenesh1_pm.C_11182,K12608,nte:NEUTE1DRAFT127329,
23,>jgi|Crypa2|237595|gw1.1.3841.1,N.A.,nte:NEUTE1DRAFT76182,
23,>jgi|Crypa2|237595|gw1.1.3841.1,N.A.,ncr:NCU01319,
23,>jgi|Crypa2|237595|gw1.1.3841.1,N.A.,pan:PODANSg8040,
23,>jgi|Crypa2|237595|gw1.1.3841.1,N.A.,nte:NEUTE1DRAFT115496,
23,>jgi|Crypa2|237595|gw1.1.3841.1,N.A.,smp:SMAC_04009,
23,>jgi|Crypa2|237595|gw1.1.3841.1,N.A.,mbe:MBM_07004,
23,>jgi|Crypa2|237595|gw1.1.3841.1,N.A.,mtm:MYCTH_2300734,
23,>jgi|Crypa2|237595|gw1.1.3841.1,N.A.,npa:UCRNP2_6036,
23,>jgi|Crypa2|237595|gw1.1.3841.1,N.A.,vda:VDAG_04014,
23,>jgi|Crypa2|237595|gw1.1.3841.1,N.A.,smp:SMAC_03378,
24,>jgi|Crypa2|272633|estExt_Genewise1.C_14185,K18423,tmn:UCRPA7_7870,
24,>jgi|Crypa2|272633|estExt_Genewise1.C_14185,K18423,mgr:MGG_03994,
24,>jgi|Crypa2|272633|estExt_Genewise1.C_14185,K18423,mtm:MYCTH_2302354,
24,>jgi|Crypa2|272633|estExt_Genewise1.C_14185,K18423,ncr:NCU04104,
24,>jgi|Crypa2|272633|estExt_Genewise1.C_14185,K18423,nte:NEUTE1DRAFT127323,
24,>jgi|Crypa2|272633|estExt_Genewise1.C_14185,K18423,smp:SMAC_04482,
24,>jgi|Crypa2|272633|estExt_Genewise1.C_14185,K18423,fgr:FGSG_07169,
24,>jgi|Crypa2|272633|estExt_Genewise1.C_14185,K18423,fpu:FPSE_03215,
24,>jgi|Crypa2|272633|estExt_Genewise1.C_14185,K18423,nhe:NECHADRAFT_63493,
24,>jgi|Crypa2|272633|estExt_Genewise1.C_14185,K18423,pan:PODANSg8985,
25,>jgi|Crypa2|336721|fgenesh1_pm.1_#_1411,K11501,smp:SMAC_04455,
25,>jgi|Crypa2|336721|fgenesh1_pm.1_#_1411,K11501,fpu:FPSE_03219,
25,>jgi|Crypa2|336721|fgenesh1_pm.1_#_1411,K11501,pan:PODANSg8982,
25,>jgi|Crypa2|336721|fgenesh1_pm.1_#_1411,K11501,tre:TRIREDRAFT_102403,
25,>jgi|Crypa2|336721|fgenesh1_pm.1_#_1411,K11501,cthr:CTHT_0061880,
25,>jgi|Crypa2|336721|fgenesh1_pm.1_#_1411,K11501,nhe:NECHADRAFT_49005,
25,>jgi|Crypa2|336721|fgenesh1_pm.1_#_1411,K11501,mtm:MYCTH_100290,
25,>jgi|Crypa2|336721|fgenesh1_pm.1_#_1411,K11501,fgr:FGSG_07166,
25,>jgi|Crypa2|336721|fgenesh1_pm.1_#_1411,K11501,maw:MAC_05106,
25,>jgi|Crypa2|336721|fgenesh1_pm.1_#_1411,K11501,maj:MAA_09984,
26,>jgi|Crypa2|59954|Crypa1.fgenesh1_pm.C_scaffold_1001191,K01796,tmn:UCRPA7_7872,
26,>jgi|Crypa2|59954|Crypa1.fgenesh1_pm.C_scaffold_1001191,K01796,nhe:NECHADRAFT_49211,
26,>jgi|Crypa2|59954|Crypa1.fgenesh1_pm.C_scaffold_1001191,K01796,vda:VDAG_01287,
26,>jgi|Crypa2|59954|Crypa1.fgenesh1_pm.C_scaffold_1001191,K01796,ssl:SS1G_03793,
26,>jgi|Crypa2|59954|Crypa1.fgenesh1_pm.C_scaffold_1001191,K01796,ncr:NCU04099,
26,>jgi|Crypa2|59954|Crypa1.fgenesh1_pm.C_scaffold_1001191,K01796,nte:NEUTE1DRAFT119631,
26,>jgi|Crypa2|59954|Crypa1.fgenesh1_pm.C_scaffold_1001191,K01796,smp:SMAC_04486,
26,>jgi|Crypa2|59954|Crypa1.fgenesh1_pm.C_scaffold_1001191,K01796,fgr:FGSG_07173,
26,>jgi|Crypa2|59954|Crypa1.fgenesh1_pm.C_scaffold_1001191,K01796,fpu:FPSE_03211,
26,>jgi|Crypa2|59954|Crypa1.fgenesh1_pm.C_scaffold_1001191,K01796,bfu:BC1G_15388,
27,>jgi|Crypa2|101161|Crypa1.estExt_fgenesh1_kg.C_10821,N.A.,pco:PHACADRAFT_248809,
28,>jgi|Crypa2|344538|estExt_fgenesh1_pm.C_11395,K17065,tmn:UCRPA7_7873,
28,>jgi|Crypa2|344538|estExt_fgenesh1_pm.C_11395,K17065,ttt:THITE_2038066,
28,>jgi|Crypa2|344538|estExt_fgenesh1_pm.C_11395,K17065,pan:PODANSg8922,
28,>jgi|Crypa2|344538|estExt_fgenesh1_pm.C_11395,K17065,mtm:MYCTH_2302341,
28,>jgi|Crypa2|344538|estExt_fgenesh1_pm.C_11395,K17065,cthr:CTHT_0061810,
28,>jgi|Crypa2|344538|estExt_fgenesh1_pm.C_11395,K17065,fpu:FPSE_03212,
28,>jgi|Crypa2|344538|estExt_fgenesh1_pm.C_11395,K17065,fgr:FGSG_07172,
28,>jgi|Crypa2|344538|estExt_fgenesh1_pm.C_11395,K17065,nte:NEUTE1DRAFT56861,
28,>jgi|Crypa2|344538|estExt_fgenesh1_pm.C_11395,K17065,ncr:NCU04100,
28,>jgi|Crypa2|344538|estExt_fgenesh1_pm.C_11395,K17065,tre:TRIREDRAFT_43599,
29,>jgi|Crypa2|336717|fgenesh1_pm.1_#_1407,N.A.,tre:TRIREDRAFT_53615,
29,>jgi|Crypa2|336717|fgenesh1_pm.1_#_1407,N.A.,nhe:NECHADRAFT_49229,
29,>jgi|Crypa2|336717|fgenesh1_pm.1_#_1407,N.A.,maw:MAC_05110,
29,>jgi|Crypa2|336717|fgenesh1_pm.1_#_1407,N.A.,cmt:CCM_01388,
29,>jgi|Crypa2|336717|fgenesh1_pm.1_#_1407,N.A.,maj:MAA_09980,
29,>jgi|Crypa2|336717|fgenesh1_pm.1_#_1407,N.A.,mgr:MGG_09518,
29,>jgi|Crypa2|336717|fgenesh1_pm.1_#_1407,N.A.,mbe:MBM_08418,
29,>jgi|Crypa2|336717|fgenesh1_pm.1_#_1407,N.A.,ttt:THITE_2108573,
29,>jgi|Crypa2|336717|fgenesh1_pm.1_#_1407,N.A.,vda:VDAG_01283,
29,>jgi|Crypa2|336717|fgenesh1_pm.1_#_1407,N.A.,fpu:FPSE_03213,
30,>jgi|Crypa2|344537|estExt_fgenesh1_pm.C_11392,K08286,ela:UCREL1_2683,
30,>jgi|Crypa2|344537|estExt_fgenesh1_pm.C_11392,K08286,maj:MAA_03887,
30,>jgi|Crypa2|344537|estExt_fgenesh1_pm.C_11392,K08286,maw:MAC_04187,
30,>jgi|Crypa2|344537|estExt_fgenesh1_pm.C_11392,N.A.,ttt:THITE_2114827,
30,>jgi|Crypa2|344537|estExt_fgenesh1_pm.C_11392,N.A.,fpu:FPSE_01825,
30,>jgi|Crypa2|344537|estExt_fgenesh1_pm.C_11392,N.A.,tmn:UCRPA7_7019,
30,>jgi|Crypa2|344537|estExt_fgenesh1_pm.C_11392,N.A.,smp:SMAC_00830,
30,>jgi|Crypa2|344537|estExt_fgenesh1_pm.C_11392,N.A.,pan:PODANS72p100,
30,>jgi|Crypa2|344537|estExt_fgenesh1_pm.C_11392,K08286,mtm:MYCTH_2298433,
30,>jgi|Crypa2|344537|estExt_fgenesh1_pm.C_11392,K08286,tre:TRIREDRAFT_78909,
31,>jgi|Crypa2|247179|e_gw1.1.698.1,N.A.,mtm:MYCTH_2302360,
31,>jgi|Crypa2|247179|e_gw1.1.698.1,N.A.,ttt:THITE_2108588,
31,>jgi|Crypa2|247179|e_gw1.1.698.1,N.A.,ncr:NCU04132,
31,>jgi|Crypa2|247179|e_gw1.1.698.1,N.A.,pan:PODANSg8983,
31,>jgi|Crypa2|247179|e_gw1.1.698.1,N.A.,ela:UCREL1_9500,
31,>jgi|Crypa2|247179|e_gw1.1.698.1,N.A.,smp:SMAC_04454,
31,>jgi|Crypa2|247179|e_gw1.1.698.1,N.A.,fpu:FPSE_03217,
31,>jgi|Crypa2|247179|e_gw1.1.698.1,N.A.,mgr:MGG_09522,
31,>jgi|Crypa2|247179|e_gw1.1.698.1,N.A.,fgr:FGSG_07167,
31,>jgi|Crypa2|247179|e_gw1.1.698.1,N.A.,nhe:NECHADRAFT_48659,
32,>jgi|Crypa2|286113|estExt_Genewise1Plus.C_14124,N.A.,tmn:UCRPA7_7869,
32,>jgi|Crypa2|286113|estExt_Genewise1Plus.C_14124,N.A.,maj:MAA_09983,
32,>jgi|Crypa2|286113|estExt_Genewise1Plus.C_14124,N.A.,vda:VDAG_09981,
32,>jgi|Crypa2|286113|estExt_Genewise1Plus.C_14124,N.A.,tre:TRIREDRAFT_1683,
32,>jgi|Crypa2|286113|estExt_Genewise1Plus.C_14124,N.A.,nhe:NECHADRAFT_63490,
32,>jgi|Crypa2|286113|estExt_Genewise1Plus.C_14124,N.A.,maw:MAC_05107,
32,>jgi|Crypa2|286113|estExt_Genewise1Plus.C_14124,N.A.,fpu:FPSE_03216,
32,>jgi|Crypa2|286113|estExt_Genewise1Plus.C_14124,N.A.,fgr:FGSG_07168,
32,>jgi|Crypa2|286113|estExt_Genewise1Plus.C_14124,N.A.,ncr:NCU04105,
32,>jgi|Crypa2|286113|estExt_Genewise1Plus.C_14124,N.A.,smp:SMAC_04481,
33,>jgi|Crypa2|35988|Crypa1.e_gw1.1.1037.1,N.A.,ttt:THITE_2041478,
33,>jgi|Crypa2|35988|Crypa1.e_gw1.1.1037.1,N.A.,tmn:UCRPA7_7814,
33,>jgi|Crypa2|35988|Crypa1.e_gw1.1.1037.1,N.A.,pan:PODANSg8762,
33,>jgi|Crypa2|35988|Crypa1.e_gw1.1.1037.1,N.A.,mtm:MYCTH_2300996,
33,>jgi|Crypa2|35988|Crypa1.e_gw1.1.1037.1,N.A.,tre:TRIREDRAFT_121355,
33,>jgi|Crypa2|35988|Crypa1.e_gw1.1.1037.1,N.A.,ncr:NCU01393,
33,>jgi|Crypa2|35988|Crypa1.e_gw1.1.1037.1,N.A.,nhe:NECHADRAFT_49128,
33,>jgi|Crypa2|35988|Crypa1.e_gw1.1.1037.1,K01183,mgr:MGG_04073,
33,>jgi|Crypa2|35988|Crypa1.e_gw1.1.1037.1,N.A.,nte:NEUTE1DRAFT57363,
33,>jgi|Crypa2|35988|Crypa1.e_gw1.1.1037.1,N.A.,fpu:FPSE_03009,
34,>jgi|Crypa2|320691|fgenesh1_kg.1_#_771_#_CEST_58_G_07,N.A.,smp:SMAC_04439,
34,>jgi|Crypa2|320691|fgenesh1_kg.1_#_771_#_CEST_58_G_07,N.A.,nte:NEUTE1DRAFT34563,
34,>jgi|Crypa2|320691|fgenesh1_kg.1_#_771_#_CEST_58_G_07,N.A.,pan:PODANSg8897,
34,>jgi|Crypa2|320691|fgenesh1_kg.1_#_771_#_CEST_58_G_07,N.A.,ncr:NCU04148,
34,>jgi|Crypa2|320691|fgenesh1_kg.1_#_771_#_CEST_58_G_07,N.A.,ela:UCREL1_8654,
34,>jgi|Crypa2|320691|fgenesh1_kg.1_#_771_#_CEST_58_G_07,N.A.,mtm:MYCTH_2302300,
34,>jgi|Crypa2|320691|fgenesh1_kg.1_#_771_#_CEST_58_G_07,N.A.,jcu:105629141,
34,>jgi|Crypa2|320691|fgenesh1_kg.1_#_771_#_CEST_58_G_07,N.A.,mgr:MGG_04071,
34,>jgi|Crypa2|320691|fgenesh1_kg.1_#_771_#_CEST_58_G_07,N.A.,fpu:FPSE_07273,
34,>jgi|Crypa2|320691|fgenesh1_kg.1_#_771_#_CEST_58_G_07,N.A.,gtt:GUITHDRAFT_108698,
35,>jgi|Crypa2|336710|fgenesh1_pm.1_#_1400,K03650,fgr:FGSG_05220,
35,>jgi|Crypa2|336710|fgenesh1_pm.1_#_1400,K03650,fpu:FPSE_07272,
35,>jgi|Crypa2|336710|fgenesh1_pm.1_#_1400,K03650,ncr:NCU04149,
35,>jgi|Crypa2|336710|fgenesh1_pm.1_#_1400,K03650,ttt:THITE_2108516,
35,>jgi|Crypa2|336710|fgenesh1_pm.1_#_1400,K03650,mtm:MYCTH_2302298,
35,>jgi|Crypa2|336710|fgenesh1_pm.1_#_1400,K03650,mgr:MGG_04070,
35,>jgi|Crypa2|336710|fgenesh1_pm.1_#_1400,K03650,pan:PODANSg8898,
35,>jgi|Crypa2|336710|fgenesh1_pm.1_#_1400,K03650,smp:SMAC_04438,
35,>jgi|Crypa2|336710|fgenesh1_pm.1_#_1400,K03650,nte:NEUTE1DRAFT75436,
35,>jgi|Crypa2|336710|fgenesh1_pm.1_#_1400,K03650,ssl:SS1G_09015,
36,>jgi|Crypa2|59944|Crypa1.fgenesh1_pm.C_scaffold_1001181,N.A.,nhe:NECHADRAFT_85011,
36,>jgi|Crypa2|59944|Crypa1.fgenesh1_pm.C_scaffold_1001181,N.A.,fpu:FPSE_07301,
36,>jgi|Crypa2|59944|Crypa1.fgenesh1_pm.C_scaffold_1001181,N.A.,fgr:FGSG_05192,
36,>jgi|Crypa2|59944|Crypa1.fgenesh1_pm.C_scaffold_1001181,N.A.,pan:PODANSg8900,
36,>jgi|Crypa2|59944|Crypa1.fgenesh1_pm.C_scaffold_1001181,N.A.,bsc:COCSADRAFT_127792,
36,>jgi|Crypa2|59944|Crypa1.fgenesh1_pm.C_scaffold_1001181,N.A.,bor:COCMIDRAFT_85984,
36,>jgi|Crypa2|59944|Crypa1.fgenesh1_pm.C_scaffold_1001181,N.A.,pno:SNOG_01271,
36,>jgi|Crypa2|59944|Crypa1.fgenesh1_pm.C_scaffold_1001181,N.A.,bze:COCCADRAFT_771,
36,>jgi|Crypa2|59944|Crypa1.fgenesh1_pm.C_scaffold_1001181,N.A.,ttt:THITE_2108511,
36,>jgi|Crypa2|59944|Crypa1.fgenesh1_pm.C_scaffold_1001181,N.A.,ztr:MYCGRDRAFT_76532,
37,>jgi|Crypa2|286107|estExt_Genewise1Plus.C_14112,N.A.,tmn:UCRPA7_7816,
37,>jgi|Crypa2|286107|estExt_Genewise1Plus.C_14112,N.A.,mgr:MGG_04067,
37,>jgi|Crypa2|286107|estExt_Genewise1Plus.C_14112,N.A.,nhe:NECHADRAFT_48931,
37,>jgi|Crypa2|286107|estExt_Genewise1Plus.C_14112,N.A.,fpu:FPSE_07302,
37,>jgi|Crypa2|286107|estExt_Genewise1Plus.C_14112,N.A.,fgr:FGSG_05191,
37,>jgi|Crypa2|286107|estExt_Genewise1Plus.C_14112,N.A.,ncr:NCU03661,
37,>jgi|Crypa2|286107|estExt_Genewise1Plus.C_14112,N.A.,ela:UCREL1_406,
37,>jgi|Crypa2|286107|estExt_Genewise1Plus.C_14112,N.A.,pan:PODANSg8901,
37,>jgi|Crypa2|286107|estExt_Genewise1Plus.C_14112,N.A.,maj:MAA_06236,
37,>jgi|Crypa2|286107|estExt_Genewise1Plus.C_14112,N.A.,smp:SMAC_02536,
38,>jgi|Crypa2|54234|Crypa1.fgenesh1_kg.C_scaffold_1000819,N.A.,K number bits,
38,>jgi|Crypa2|54234|Crypa1.fgenesh1_kg.C_scaffold_1000819,N.A.,---------------------------------------------------------------------,
39,>jgi|Crypa2|59942|Crypa1.fgenesh1_pm.C_scaffold_1001179,K01228,tmn:UCRPA7_7817,
39,>jgi|Crypa2|59942|Crypa1.fgenesh1_pm.C_scaffold_1001179,K01228,ttt:THITE_2108507,
39,>jgi|Crypa2|59942|Crypa1.fgenesh1_pm.C_scaffold_1001179,K01228,mtm:MYCTH_2302289,
39,>jgi|Crypa2|59942|Crypa1.fgenesh1_pm.C_scaffold_1001179,K01228,mgr:MGG_04045,
39,>jgi|Crypa2|59942|Crypa1.fgenesh1_pm.C_scaffold_1001179,K01228,smp:SMAC_02532,
39,>jgi|Crypa2|59942|Crypa1.fgenesh1_pm.C_scaffold_1001179,K01228,ela:UCREL1_392,
39,>jgi|Crypa2|59942|Crypa1.fgenesh1_pm.C_scaffold_1001179,K01228,nte:NEUTE1DRAFT35029,
39,>jgi|Crypa2|59942|Crypa1.fgenesh1_pm.C_scaffold_1001179,K01228,ncr:NCU03657,
39,>jgi|Crypa2|59942|Crypa1.fgenesh1_pm.C_scaffold_1001179,K01228,cthr:CTHT_0061620,
39,>jgi|Crypa2|59942|Crypa1.fgenesh1_pm.C_scaffold_1001179,K01228,vda:VDAG_08395,
40,>jgi|Crypa2|242177|gw1.1.4598.1,N.A.,sla:SERLADRAFT_442697,
40,>jgi|Crypa2|242177|gw1.1.4598.1,N.A.,cput:CONPUDRAFT_163693,
40,>jgi|Crypa2|242177|gw1.1.4598.1,N.A.,mgr:MGG_08988,
40,>jgi|Crypa2|242177|gw1.1.4598.1,N.A.,fpu:FPSE_03842,
40,>jgi|Crypa2|242177|gw1.1.4598.1,N.A.,mbe:MBM_03751,
40,>jgi|Crypa2|242177|gw1.1.4598.1,N.A.,nhe:NECHADRAFT_85988,
40,>jgi|Crypa2|242177|gw1.1.4598.1,N.A.,mgr:MGG_03082,
40,>jgi|Crypa2|242177|gw1.1.4598.1,N.A.,bor:COCMIDRAFT_83276,
40,>jgi|Crypa2|242177|gw1.1.4598.1,N.A.,bor:COCMIDRAFT_44502,
40,>jgi|Crypa2|242177|gw1.1.4598.1,N.A.,nhe:NECHADRAFT_88127,
41,>jgi|Crypa2|354740|estExt_fgenesh1_kg.C_10767,N.A.,nte:NEUTE1DRAFT35156,
41,>jgi|Crypa2|354740|estExt_fgenesh1_kg.C_10767,N.A.,ncr:NCU01394,
41,>jgi|Crypa2|354740|estExt_fgenesh1_kg.C_10767,N.A.,mgr:MGG_04077,
41,>jgi|Crypa2|354740|estExt_fgenesh1_kg.C_10767,N.A.,vda:VDAG_09402,
41,>jgi|Crypa2|354740|estExt_fgenesh1_kg.C_10767,N.A.,ela:UCREL1_2456,
41,>jgi|Crypa2|354740|estExt_fgenesh1_kg.C_10767,N.A.,ttt:THITE_2140937,
41,>jgi|Crypa2|354740|estExt_fgenesh1_kg.C_10767,N.A.,pgr:PGTG_06678,
41,>jgi|Crypa2|354740|estExt_fgenesh1_kg.C_10767,N.A.,dwi:Dwil_GK10095,
42,>jgi|Crypa2|344532|estExt_fgenesh1_pm.C_11381,N.A.,tmn:UCRPA7_7813,
42,>jgi|Crypa2|344532|estExt_fgenesh1_pm.C_11381,N.A.,ttt:THITE_2107170,
42,>jgi|Crypa2|344532|estExt_fgenesh1_pm.C_11381,N.A.,ncr:NCU01395,
42,>jgi|Crypa2|344532|estExt_fgenesh1_pm.C_11381,N.A.,nte:NEUTE1DRAFT144062,
42,>jgi|Crypa2|344532|estExt_fgenesh1_pm.C_11381,N.A.,mgr:MGG_04078,
42,>jgi|Crypa2|344532|estExt_fgenesh1_pm.C_11381,N.A.,smp:SMAC_08371,
42,>jgi|Crypa2|344532|estExt_fgenesh1_pm.C_11381,N.A.,fpu:FPSE_02999,
42,>jgi|Crypa2|344532|estExt_fgenesh1_pm.C_11381,N.A.,fgr:FGSG_05979,
42,>jgi|Crypa2|344532|estExt_fgenesh1_pm.C_11381,N.A.,cthr:CTHT_0065220,
42,>jgi|Crypa2|344532|estExt_fgenesh1_pm.C_11381,N.A.,ela:UCREL1_2457,
43,>jgi|Crypa2|354738|estExt_fgenesh1_kg.C_10765,N.A.,hxa:Halxa_4027,
43,>jgi|Crypa2|354738|estExt_fgenesh1_kg.C_10765,N.A.,ara:Arad_1840,
43,>jgi|Crypa2|354738|estExt_fgenesh1_kg.C_10765,N.A.,hhy:Halhy_1442,
43,>jgi|Crypa2|354738|estExt_fgenesh1_kg.C_10765,N.A.,cin:100179777,
44,>jgi|Crypa2|326609|fgenesh1_pg.1_#_1685,N.A.,lch:Lcho_2467,
44,>jgi|Crypa2|326609|fgenesh1_pg.1_#_1685,K16507,pss:102463850,
44,>jgi|Crypa2|326609|fgenesh1_pg.1_#_1685,K05310,pan:PODANSg5463,
45,>jgi|Crypa2|240946|gw1.1.4399.1,N.A.,cim:CIMG_00345,
45,>jgi|Crypa2|240946|gw1.1.4399.1,N.A.,cpw:CPC735_058510,
45,>jgi|Crypa2|240946|gw1.1.4399.1,N.A.,abe:ARB_00122,
45,>jgi|Crypa2|240946|gw1.1.4399.1,N.A.,tve:TRV_06663,
45,>jgi|Crypa2|240946|gw1.1.4399.1,N.A.,tsa:AciPR4_1751,
45,>jgi|Crypa2|240946|gw1.1.4399.1,N.A.,ure:UREG_00411,
45,>jgi|Crypa2|240946|gw1.1.4399.1,N.A.,ccx:COCOR_04366,
45,>jgi|Crypa2|240946|gw1.1.4399.1,N.A.,bcom:BAUCODRAFT_24080,
45,>jgi|Crypa2|240946|gw1.1.4399.1,N.A.,pan:PODANSg384,
45,>jgi|Crypa2|240946|gw1.1.4399.1,N.A.,ami:Amir_4030,
46,>jgi|Crypa2|354736|estExt_fgenesh1_kg.C_10763,N.A.,bcom:BAUCODRAFT_38597,
46,>jgi|Crypa2|354736|estExt_fgenesh1_kg.C_10763,N.A.,pfj:MYCFIDRAFT_195236,
46,>jgi|Crypa2|354736|estExt_fgenesh1_kg.C_10763,N.A.,ztr:MYCGRDRAFT_92203,
46,>jgi|Crypa2|354736|estExt_fgenesh1_kg.C_10763,N.A.,nhe:NECHADRAFT_69715,
46,>jgi|Crypa2|354736|estExt_fgenesh1_kg.C_10763,K12678,cama:F384_13155,
46,>jgi|Crypa2|354736|estExt_fgenesh1_kg.C_10763,N.A.,fpu:FPSE_02358,
46,>jgi|Crypa2|354736|estExt_fgenesh1_kg.C_10763,N.A.,mbe:MBM_07107,
46,>jgi|Crypa2|354736|estExt_fgenesh1_kg.C_10763,N.A.,nwi:Nwi_1933,
47,>jgi|Crypa2|326606|fgenesh1_pg.1_#_1682,K03601,kra:Krad_1122,
47,>jgi|Crypa2|326606|fgenesh1_pg.1_#_1682,K00612,fiy:BN1229_v1_3419,
47,>jgi|Crypa2|326606|fgenesh1_pg.1_#_1682,K00612,fil:BN1229_v1_2496,
47,>jgi|Crypa2|326606|fgenesh1_pg.1_#_1682,K01990,cso:CLS_31450,
47,>jgi|Crypa2|326606|fgenesh1_pg.1_#_1682,K01990,bprm:CL3_09930,
47,>jgi|Crypa2|326606|fgenesh1_pg.1_#_1682,K01990,sagn:W903_1005,
47,>jgi|Crypa2|326606|fgenesh1_pg.1_#_1682,K01990,sagc:DN94_04335,
47,>jgi|Crypa2|326606|fgenesh1_pg.1_#_1682,K01990,sagp:V193_04335,
47,>jgi|Crypa2|326606|fgenesh1_pg.1_#_1682,K01990,sagr:SAIL_10550,
47,>jgi|Crypa2|326606|fgenesh1_pg.1_#_1682,K01990,sagi:MSA_10610,
48,>jgi|Crypa2|272612|estExt_Genewise1.C_14140,N.A.,tmn:UCRPA7_1552,
48,>jgi|Crypa2|272612|estExt_Genewise1.C_14140,N.A.,mgr:MGG_11902,
48,>jgi|Crypa2|272612|estExt_Genewise1.C_14140,N.A.,nhe:NECHADRAFT_49593,
48,>jgi|Crypa2|272612|estExt_Genewise1.C_14140,N.A.,maj:MAA_06834,
48,>jgi|Crypa2|272612|estExt_Genewise1.C_14140,N.A.,maw:MAC_02406,
48,>jgi|Crypa2|272612|estExt_Genewise1.C_14140,N.A.,vda:VDAG_08318,
48,>jgi|Crypa2|272612|estExt_Genewise1.C_14140,N.A.,val:VDBG_00030,
48,>jgi|Crypa2|272612|estExt_Genewise1.C_14140,N.A.,fgr:FGSG_07453,
48,>jgi|Crypa2|272612|estExt_Genewise1.C_14140,N.A.,fpu:FPSE_09416,
48,>jgi|Crypa2|272612|estExt_Genewise1.C_14140,N.A.,tre:TRIREDRAFT_123934,
49,>jgi|Crypa2|239328|gw1.1.4114.1,N.A.,tmn:UCRPA7_1553,
49,>jgi|Crypa2|239328|gw1.1.4114.1,N.A.,nte:NEUTE1DRAFT76326,
49,>jgi|Crypa2|239328|gw1.1.4114.1,N.A.,ncr:NCU01254,
49,>jgi|Crypa2|239328|gw1.1.4114.1,N.A.,smp:SMAC_03954,
49,>jgi|Crypa2|239328|gw1.1.4114.1,N.A.,mgr:MGG_11903,
49,>jgi|Crypa2|239328|gw1.1.4114.1,N.A.,fpu:FPSE_09417,
49,>jgi|Crypa2|239328|gw1.1.4114.1,N.A.,fgr:FGSG_07454,
49,>jgi|Crypa2|239328|gw1.1.4114.1,N.A.,maj:MAA_11269,
49,>jgi|Crypa2|239328|gw1.1.4114.1,N.A.,maw:MAC_02405,
49,>jgi|Crypa2|239328|gw1.1.4114.1,N.A.,pan:PODANSg8015,
50,>jgi|Crypa2|354733|estExt_fgenesh1_kg.C_10760,N.A.,tmn:UCRPA7_1554,
50,>jgi|Crypa2|354733|estExt_fgenesh1_kg.C_10760,N.A.,val:VDBG_00028,
50,>jgi|Crypa2|354733|estExt_fgenesh1_kg.C_10760,N.A.,mtm:MYCTH_2300792,
50,>jgi|Crypa2|354733|estExt_fgenesh1_kg.C_10760,N.A.,ssl:SS1G_11557,
50,>jgi|Crypa2|354733|estExt_fgenesh1_kg.C_10760,N.A.,maj:MAA_06835,
50,>jgi|Crypa2|354733|estExt_fgenesh1_kg.C_10760,K13201,ani:AN1091.2,
50,>jgi|Crypa2|354733|estExt_fgenesh1_kg.C_10760,N.A.,mbe:MBM_01912,
50,>jgi|Crypa2|354733|estExt_fgenesh1_kg.C_10760,N.A.,maw:MAC_02404,
50,>jgi|Crypa2|354733|estExt_fgenesh1_kg.C_10760,N.A.,pan:PODANSg8014,
50,>jgi|Crypa2|354733|estExt_fgenesh1_kg.C_10760,N.A.,tre:TRIREDRAFT_123186,
51,>jgi|Crypa2|87995|Crypa1.estExt_Genewise1Plus.C_13417,K04079,nhe:NECHADRAFT_72493,
51,>jgi|Crypa2|87995|Crypa1.estExt_Genewise1Plus.C_13417,K04079,abe:ARB_01274,
51,>jgi|Crypa2|87995|Crypa1.estExt_Genewise1Plus.C_13417,K04079,pan:PODANSg8169,
51,>jgi|Crypa2|87995|Crypa1.estExt_Genewise1Plus.C_13417,K04079,cmt:CCM_07839,
51,>jgi|Crypa2|87995|Crypa1.estExt_Genewise1Plus.C_13417,K04079,tve:TRV_01145,
51,>jgi|Crypa2|87995|Crypa1.estExt_Genewise1Plus.C_13417,K04079,tmn:UCRPA7_8399,
51,>jgi|Crypa2|87995|Crypa1.estExt_Genewise1Plus.C_13417,K04079,bsc:COCSADRAFT_307957,
51,>jgi|Crypa2|87995|Crypa1.estExt_Genewise1Plus.C_13417,K04079,mgr:MGG_06759,
51,>jgi|Crypa2|87995|Crypa1.estExt_Genewise1Plus.C_13417,K04079,bcom:BAUCODRAFT_561772,
51,>jgi|Crypa2|87995|Crypa1.estExt_Genewise1Plus.C_13417,K04079,pbn:PADG_07715,
52,>jgi|Crypa2|326601|fgenesh1_pg.1_#_1677,N.A.,pno:SNOG_09966,
52,>jgi|Crypa2|326601|fgenesh1_pg.1_#_1677,N.A.,bsc:COCSADRAFT_104187,
52,>jgi|Crypa2|326601|fgenesh1_pg.1_#_1677,N.A.,mgr:MGG_04594,
52,>jgi|Crypa2|326601|fgenesh1_pg.1_#_1677,N.A.,ani:AN6468.2,
52,>jgi|Crypa2|326601|fgenesh1_pg.1_#_1677,N.A.,pcs:Pc20g09490,
52,>jgi|Crypa2|326601|fgenesh1_pg.1_#_1677,N.A.,afv:AFLA_108150,
52,>jgi|Crypa2|326601|fgenesh1_pg.1_#_1677,N.A.,aor:AOR_1_684144,
52,>jgi|Crypa2|326601|fgenesh1_pg.1_#_1677,N.A.,aor:AOR_1_894054,
52,>jgi|Crypa2|326601|fgenesh1_pg.1_#_1677,N.A.,adl:AURDEDRAFT_186494,
52,>jgi|Crypa2|326601|fgenesh1_pg.1_#_1677,N.A.,ang:ANI_1_186094,
53,>jgi|Crypa2|354729|estExt_fgenesh1_kg.C_10756,N.A.,ang:ANI_1_1648094,
53,>jgi|Crypa2|354729|estExt_fgenesh1_kg.C_10756,K16261,fgr:FGSG_09152,
53,>jgi|Crypa2|354729|estExt_fgenesh1_kg.C_10756,K16261,fpu:FPSE_06820,
53,>jgi|Crypa2|354729|estExt_fgenesh1_kg.C_10756,K16261,npa:UCRNP2_10194,
53,>jgi|Crypa2|354729|estExt_fgenesh1_kg.C_10756,K16261,ani:AN6770.2,
53,>jgi|Crypa2|354729|estExt_fgenesh1_kg.C_10756,N.A.,aor:AOR_1_438174,
53,>jgi|Crypa2|354729|estExt_fgenesh1_kg.C_10756,K16261,afv:AFLA_074840,
53,>jgi|Crypa2|354729|estExt_fgenesh1_kg.C_10756,K16261,tmn:UCRPA7_6786,
53,>jgi|Crypa2|354729|estExt_fgenesh1_kg.C_10756,K11733,mcl:MCCL_1346,
53,>jgi|Crypa2|354729|estExt_fgenesh1_kg.C_10756,K16261,fpu:FPSE_11382,
54,>jgi|Crypa2|320676|fgenesh1_kg.1_#_756_#_3743_0_CCBI1238.g1_CCBH_CCBI_EXTA,N.A.,mbs:MRBBS_1803,
54,>jgi|Crypa2|320676|fgenesh1_kg.1_#_756_#_3743_0_CCBI1238.g1_CCBH_CCBI_EXTA,K00937,zmm:Zmob_0573,
54,>jgi|Crypa2|320676|fgenesh1_kg.1_#_756_#_3743_0_CCBI1238.g1_CCBH_CCBI_EXTA,K00937,zmn:Za10_0560,
54,>jgi|Crypa2|320676|fgenesh1_kg.1_#_756_#_3743_0_CCBI1238.g1_CCBH_CCBI_EXTA,K00937,zmb:ZZ6_0570,
54,>jgi|Crypa2|320676|fgenesh1_kg.1_#_756_#_3743_0_CCBI1238.g1_CCBH_CCBI_EXTA,K00937,zmr:A254_00577,
54,>jgi|Crypa2|320676|fgenesh1_kg.1_#_756_#_3743_0_CCBI1238.g1_CCBH_CCBI_EXTA,K00937,zmc:A265_00577,
54,>jgi|Crypa2|320676|fgenesh1_kg.1_#_756_#_3743_0_CCBI1238.g1_CCBH_CCBI_EXTA,K00937,zmi:ZCP4_0584,
54,>jgi|Crypa2|320676|fgenesh1_kg.1_#_756_#_3743_0_CCBI1238.g1_CCBH_CCBI_EXTA,K00937,zmo:ZMO0712,
54,>jgi|Crypa2|320676|fgenesh1_kg.1_#_756_#_3743_0_CCBI1238.g1_CCBH_CCBI_EXTA,K06820,aga:AgaP_AGAP000064,
54,>jgi|Crypa2|320676|fgenesh1_kg.1_#_756_#_3743_0_CCBI1238.g1_CCBH_CCBI_EXTA,N.A.,mdm:103415845,
55,>jgi|Crypa2|320675|fgenesh1_kg.1_#_755_#_422_2_CCBH_CCBI_EXTA,N.A.,tmn:UCRPA7_8402,
55,>jgi|Crypa2|320675|fgenesh1_kg.1_#_755_#_422_2_CCBH_CCBI_EXTA,N.A.,fpu:FPSE_09966,
55,>jgi|Crypa2|320675|fgenesh1_kg.1_#_755_#_422_2_CCBH_CCBI_EXTA,N.A.,fgr:FGSG_01842,
55,>jgi|Crypa2|320675|fgenesh1_kg.1_#_755_#_422_2_CCBH_CCBI_EXTA,K08286,nhe:NECHADRAFT_72448,
55,>jgi|Crypa2|320675|fgenesh1_kg.1_#_755_#_422_2_CCBH_CCBI_EXTA,K08286,maj:MAA_03309,
55,>jgi|Crypa2|320675|fgenesh1_kg.1_#_755_#_422_2_CCBH_CCBI_EXTA,K08286,mgr:MGG_06760,
55,>jgi|Crypa2|320675|fgenesh1_kg.1_#_755_#_422_2_CCBH_CCBI_EXTA,K08286,maw:MAC_08835,
55,>jgi|Crypa2|320675|fgenesh1_kg.1_#_755_#_422_2_CCBH_CCBI_EXTA,N.A.,tre:TRIREDRAFT_123124,
55,>jgi|Crypa2|320675|fgenesh1_kg.1_#_755_#_422_2_CCBH_CCBI_EXTA,K08286,ssl:SS1G_09704,
55,>jgi|Crypa2|320675|fgenesh1_kg.1_#_755_#_422_2_CCBH_CCBI_EXTA,N.A.,mbe:MBM_00344,
56,>jgi|Crypa2|286089|estExt_Genewise1Plus.C_14090,K08286,mgr:MGG_06760,
56,>jgi|Crypa2|286089|estExt_Genewise1Plus.C_14090,K08286,nhe:NECHADRAFT_72448,
56,>jgi|Crypa2|286089|estExt_Genewise1Plus.C_14090,N.A.,vda:VDAG_04632,
56,>jgi|Crypa2|286089|estExt_Genewise1Plus.C_14090,N.A.,fpu:FPSE_09966,
56,>jgi|Crypa2|286089|estExt_Genewise1Plus.C_14090,N.A.,fgr:FGSG_01842,
56,>jgi|Crypa2|286089|estExt_Genewise1Plus.C_14090,N.A.,mbe:MBM_00344,
56,>jgi|Crypa2|286089|estExt_Genewise1Plus.C_14090,K08286,bfu:BC1G_11609,
56,>jgi|Crypa2|286089|estExt_Genewise1Plus.C_14090,K08286,ssl:SS1G_09704,
56,>jgi|Crypa2|286089|estExt_Genewise1Plus.C_14090,N.A.,cthr:CTHT_0068340,
56,>jgi|Crypa2|286089|estExt_Genewise1Plus.C_14090,N.A.,tre:TRIREDRAFT_123124,
57,>jgi|Crypa2|326598|fgenesh1_pg.1_#_1674,N.A.,cdn:BN940_03801,
57,>jgi|Crypa2|326598|fgenesh1_pg.1_#_1674,N.A.,bprl:CL2_18300,
58,>jgi|Crypa2|320674|fgenesh1_kg.1_#_754_#_2752_0_CCBI4084.b1_CCBH_CCBI_EXTA,N.A.,ncr:NCU11260,
58,>jgi|Crypa2|320674|fgenesh1_kg.1_#_754_#_2752_0_CCBI4084.b1_CCBH_CCBI_EXTA,N.A.,mtm:MYCTH_2314761,
58,>jgi|Crypa2|320674|fgenesh1_kg.1_#_754_#_2752_0_CCBI4084.b1_CCBH_CCBI_EXTA,N.A.,smp:SMAC_02566,
58,>jgi|Crypa2|320674|fgenesh1_kg.1_#_754_#_2752_0_CCBI4084.b1_CCBH_CCBI_EXTA,N.A.,ttt:THITE_2169385,
58,>jgi|Crypa2|320674|fgenesh1_kg.1_#_754_#_2752_0_CCBI4084.b1_CCBH_CCBI_EXTA,N.A.,nte:NEUTE1DRAFT93925,
58,>jgi|Crypa2|320674|fgenesh1_kg.1_#_754_#_2752_0_CCBI4084.b1_CCBH_CCBI_EXTA,N.A.,mgr:MGG_06769,
58,>jgi|Crypa2|320674|fgenesh1_kg.1_#_754_#_2752_0_CCBI4084.b1_CCBH_CCBI_EXTA,N.A.,val:VDBG_09398,
58,>jgi|Crypa2|320674|fgenesh1_kg.1_#_754_#_2752_0_CCBI4084.b1_CCBH_CCBI_EXTA,N.A.,vda:VDAG_04636,
58,>jgi|Crypa2|320674|fgenesh1_kg.1_#_754_#_2752_0_CCBI4084.b1_CCBH_CCBI_EXTA,N.A.,pan:PODANSg8186,
58,>jgi|Crypa2|320674|fgenesh1_kg.1_#_754_#_2752_0_CCBI4084.b1_CCBH_CCBI_EXTA,N.A.,nhe:NECHADRAFT_50810,
59,>jgi|Crypa2|246191|e_gw1.1.747.1,K02685,tmn:UCRPA7_8411,
59,>jgi|Crypa2|246191|e_gw1.1.747.1,K02685,maw:MAC_08833,
59,>jgi|Crypa2|246191|e_gw1.1.747.1,K02685,maj:MAA_03311,
59,>jgi|Crypa2|246191|e_gw1.1.747.1,K02685,tre:TRIREDRAFT_66296,
59,>jgi|Crypa2|246191|e_gw1.1.747.1,K02685,fpu:FPSE_11147,
59,>jgi|Crypa2|246191|e_gw1.1.747.1,K02685,fgr:FGSG_01839,
59,>jgi|Crypa2|246191|e_gw1.1.747.1,K02685,nhe:NECHADRAFT_50539,
59,>jgi|Crypa2|246191|e_gw1.1.747.1,K02685,mgr:MGG_06763,
59,>jgi|Crypa2|246191|e_gw1.1.747.1,K02685,mtm:MYCTH_2301942,
59,>jgi|Crypa2|246191|e_gw1.1.747.1,K02685,ttt:THITE_2108112,
60,>jgi|Crypa2|67522|Crypa1.fgenesh1_pg.C_scaffold_1001619,N.A.,nte:NEUTE1DRAFT127921,
60,>jgi|Crypa2|67522|Crypa1.fgenesh1_pg.C_scaffold_1001619,N.A.,ncr:NCU03667,
60,>jgi|Crypa2|67522|Crypa1.fgenesh1_pg.C_scaffold_1001619,N.A.,pan:PODANSg8188,
60,>jgi|Crypa2|67522|Crypa1.fgenesh1_pg.C_scaffold_1001619,N.A.,mtm:MYCTH_114955,
60,>jgi|Crypa2|67522|Crypa1.fgenesh1_pg.C_scaffold_1001619,N.A.,ttt:THITE_2108117,
60,>jgi|Crypa2|67522|Crypa1.fgenesh1_pg.C_scaffold_1001619,N.A.,smp:SMAC_02538,
60,>jgi|Crypa2|67522|Crypa1.fgenesh1_pg.C_scaffold_1001619,N.A.,cthr:CTHT_0068370,
60,>jgi|Crypa2|67522|Crypa1.fgenesh1_pg.C_scaffold_1001619,N.A.,mgr:MGG_06768,
60,>jgi|Crypa2|67522|Crypa1.fgenesh1_pg.C_scaffold_1001619,N.A.,vda:VDAG_04631,
60,>jgi|Crypa2|67522|Crypa1.fgenesh1_pg.C_scaffold_1001619,N.A.,nhe:NECHADRAFT_50573,
61,>jgi|Crypa2|246615|e_gw1.1.849.1,N.A.,tmn:UCRPA7_4856,
61,>jgi|Crypa2|246615|e_gw1.1.849.1,N.A.,vda:VDAG_01758,
61,>jgi|Crypa2|246615|e_gw1.1.849.1,N.A.,tre:TRIREDRAFT_107773,
61,>jgi|Crypa2|246615|e_gw1.1.849.1,N.A.,ela:UCREL1_4618,
61,>jgi|Crypa2|246615|e_gw1.1.849.1,N.A.,fgr:FGSG_12071,
61,>jgi|Crypa2|246615|e_gw1.1.849.1,N.A.,tre:TRIREDRAFT_67470,
61,>jgi|Crypa2|246615|e_gw1.1.849.1,N.A.,fpu:FPSE_04934,
61,>jgi|Crypa2|246615|e_gw1.1.849.1,N.A.,fpu:FPSE_00558,
61,>jgi|Crypa2|246615|e_gw1.1.849.1,N.A.,maj:MAA_10123,
61,>jgi|Crypa2|246615|e_gw1.1.849.1,N.A.,nhe:NECHADRAFT_86390,
62,>jgi|Crypa2|320672|fgenesh1_kg.1_#_752_#_2972_1_CCBH_CCBI_EXTA,N.A.,bcom:BAUCODRAFT_33814,
62,>jgi|Crypa2|320672|fgenesh1_kg.1_#_752_#_2972_1_CCBH_CCBI_EXTA,N.A.,ztr:MYCGRDRAFT_68863,
62,>jgi|Crypa2|320672|fgenesh1_kg.1_#_752_#_2972_1_CCBH_CCBI_EXTA,N.A.,bfu:BC1G_13261,
62,>jgi|Crypa2|320672|fgenesh1_kg.1_#_752_#_2972_1_CCBH_CCBI_EXTA,N.A.,bze:COCCADRAFT_100946,
62,>jgi|Crypa2|320672|fgenesh1_kg.1_#_752_#_2972_1_CCBH_CCBI_EXTA,N.A.,bsc:COCSADRAFT_182842,
62,>jgi|Crypa2|320672|fgenesh1_kg.1_#_752_#_2972_1_CCBH_CCBI_EXTA,N.A.,pno:SNOG_06042,
62,>jgi|Crypa2|320672|fgenesh1_kg.1_#_752_#_2972_1_CCBH_CCBI_EXTA,N.A.,bor:COCMIDRAFT_37554,
62,>jgi|Crypa2|320672|fgenesh1_kg.1_#_752_#_2972_1_CCBH_CCBI_EXTA,N.A.,npa:UCRNP2_1126,
62,>jgi|Crypa2|320672|fgenesh1_kg.1_#_752_#_2972_1_CCBH_CCBI_EXTA,N.A.,pte:PTT_07151,
62,>jgi|Crypa2|320672|fgenesh1_kg.1_#_752_#_2972_1_CCBH_CCBI_EXTA,N.A.,pfj:MYCFIDRAFT_130975,
63,>jgi|Crypa2|244573|e_gw1.1.1070.1,N.A.,nhe:NECHADRAFT_85937,
63,>jgi|Crypa2|244573|e_gw1.1.1070.1,N.A.,fpu:FPSE_05729,
63,>jgi|Crypa2|244573|e_gw1.1.1070.1,N.A.,tre:TRIREDRAFT_5007,
63,>jgi|Crypa2|244573|e_gw1.1.1070.1,N.A.,fgr:FGSG_02003,
63,>jgi|Crypa2|244573|e_gw1.1.1070.1,N.A.,mbe:MBM_00215,
63,>jgi|Crypa2|244573|e_gw1.1.1070.1,N.A.,mtm:MYCTH_47092,
63,>jgi|Crypa2|244573|e_gw1.1.1070.1,N.A.,vda:VDAG_04630,
63,>jgi|Crypa2|244573|e_gw1.1.1070.1,N.A.,ttt:THITE_2042414,
63,>jgi|Crypa2|244573|e_gw1.1.1070.1,N.A.,pan:PODANSg8189,
63,>jgi|Crypa2|244573|e_gw1.1.1070.1,N.A.,mgr:MGG_14587,
64,>jgi|Crypa2|246082|e_gw1.1.2856.1,N.A.,afv:AFLA_066730,
64,>jgi|Crypa2|246082|e_gw1.1.2856.1,N.A.,aor:AOR_1_1424164,
64,>jgi|Crypa2|246082|e_gw1.1.2856.1,N.A.,ela:UCREL1_1615,
64,>jgi|Crypa2|246082|e_gw1.1.2856.1,N.A.,ani:AN8330.2,
64,>jgi|Crypa2|246082|e_gw1.1.2856.1,N.A.,nhe:NECHADRAFT_48581,
64,>jgi|Crypa2|246082|e_gw1.1.2856.1,N.A.,bze:COCCADRAFT_97776,
64,>jgi|Crypa2|246082|e_gw1.1.2856.1,N.A.,bor:COCMIDRAFT_5424,
64,>jgi|Crypa2|246082|e_gw1.1.2856.1,N.A.,bsc:COCSADRAFT_40232,
64,>jgi|Crypa2|246082|e_gw1.1.2856.1,N.A.,ang:ANI_1_832094,
64,>jgi|Crypa2|246082|e_gw1.1.2856.1,N.A.,pfp:PFL1_02093,
65,>jgi|Crypa2|320671|fgenesh1_kg.1_#_751_#_CLS_1460_contig_CL1498Contig1,N.A.,sso:SSO7898,
65,>jgi|Crypa2|320671|fgenesh1_kg.1_#_751_#_CLS_1460_contig_CL1498Contig1,K03564,bmx:BMS_2593,
65,>jgi|Crypa2|320671|fgenesh1_kg.1_#_751_#_CLS_1460_contig_CL1498Contig1,N.A.,mus:103983256,
66,>jgi|Crypa2|326591|fgenesh1_pg.1_#_1667,N.A.,vda:VDAG_00060,
66,>jgi|Crypa2|326591|fgenesh1_pg.1_#_1667,N.A.,bze:COCCADRAFT_102362,
66,>jgi|Crypa2|326591|fgenesh1_pg.1_#_1667,N.A.,bsc:COCSADRAFT_202165,
66,>jgi|Crypa2|326591|fgenesh1_pg.1_#_1667,N.A.,pte:PTT_07043,
66,>jgi|Crypa2|326591|fgenesh1_pg.1_#_1667,N.A.,bor:COCMIDRAFT_82260,
66,>jgi|Crypa2|326591|fgenesh1_pg.1_#_1667,N.A.,nhe:NECHADRAFT_86356,
66,>jgi|Crypa2|326591|fgenesh1_pg.1_#_1667,N.A.,npa:UCRNP2_7214,
66,>jgi|Crypa2|326591|fgenesh1_pg.1_#_1667,N.A.,npa:UCRNP2_9690,
66,>jgi|Crypa2|326591|fgenesh1_pg.1_#_1667,N.A.,val:VDBG_00450,
66,>jgi|Crypa2|326591|fgenesh1_pg.1_#_1667,N.A.,mgr:MGG_00258,
67,>jgi|Crypa2|320670|fgenesh1_kg.1_#_750_#_1332_0_CCBH5549.b1_CCBH_CCBI_EXTA,K17338,umr:103667754,
67,>jgi|Crypa2|320670|fgenesh1_kg.1_#_750_#_1332_0_CCBH5549.b1_CCBH_CCBI_EXTA,K17338,mdo:100016540,
68,>jgi|Crypa2|244670|e_gw1.1.1873.1,N.A.,tmn:UCRPA7_8404,
68,>jgi|Crypa2|244670|e_gw1.1.1873.1,N.A.,pte:PTT_12399,
68,>jgi|Crypa2|244670|e_gw1.1.1873.1,N.A.,cpw:CPC735_004870,
68,>jgi|Crypa2|244670|e_gw1.1.1873.1,N.A.,cim:CIMG_03848,
68,>jgi|Crypa2|244670|e_gw1.1.1873.1,N.A.,npa:UCRNP2_4081,
68,>jgi|Crypa2|244670|e_gw1.1.1873.1,N.A.,bsc:COCSADRAFT_259839,
68,>jgi|Crypa2|244670|e_gw1.1.1873.1,N.A.,bze:COCCADRAFT_106041,
68,>jgi|Crypa2|244670|e_gw1.1.1873.1,N.A.,bor:COCMIDRAFT_28075,
68,>jgi|Crypa2|244670|e_gw1.1.1873.1,N.A.,ang:ANI_1_1312164,
68,>jgi|Crypa2|244670|e_gw1.1.1873.1,N.A.,act:ACLA_028590,
69,>jgi|Crypa2|101141|Crypa1.estExt_fgenesh1_kg.C_10798,K10440,pbs:Plabr_2169,
69,>jgi|Crypa2|101141|Crypa1.estExt_fgenesh1_kg.C_10798,N.A.,egu:105054446,
70,>jgi|Crypa2|326589|fgenesh1_pg.1_#_1665,K00637,tmn:UCRPA7_8403,
70,>jgi|Crypa2|326589|fgenesh1_pg.1_#_1665,K00637,pan:PODANSg8191,
70,>jgi|Crypa2|326589|fgenesh1_pg.1_#_1665,K00637,smp:SMAC_04443,
70,>jgi|Crypa2|326589|fgenesh1_pg.1_#_1665,K00637,mtm:MYCTH_2301957,
70,>jgi|Crypa2|326589|fgenesh1_pg.1_#_1665,N.A.,ncr:NCU04144,
70,>jgi|Crypa2|326589|fgenesh1_pg.1_#_1665,K00637,nte:NEUTE1DRAFT127291,
70,>jgi|Crypa2|326589|fgenesh1_pg.1_#_1665,K00637,cthr:CTHT_0068350,
70,>jgi|Crypa2|326589|fgenesh1_pg.1_#_1665,K00637,ttt:THITE_2108121,
70,>jgi|Crypa2|326589|fgenesh1_pg.1_#_1665,K00637,nhe:NECHADRAFT_85955,
70,>jgi|Crypa2|326589|fgenesh1_pg.1_#_1665,K00637,mgr:MGG_06765,
71,>jgi|Crypa2|326588|fgenesh1_pg.1_#_1664,K07333,hvo:HVO_1033,
71,>jgi|Crypa2|326588|fgenesh1_pg.1_#_1664,N.A.,min:Minf_0268,
71,>jgi|Crypa2|326588|fgenesh1_pg.1_#_1664,N.A.,lel:LELG_05743,
71,>jgi|Crypa2|326588|fgenesh1_pg.1_#_1664,N.A.,nos:Nos7107_4893,
72,>jgi|Crypa2|220820|gw1.1.1092.1,N.A.,tre:TRIREDRAFT_80312,
72,>jgi|Crypa2|220820|gw1.1.1092.1,N.A.,pan:PODANSg8184,
72,>jgi|Crypa2|220820|gw1.1.1092.1,N.A.,maj:MAA_04752,
72,>jgi|Crypa2|220820|gw1.1.1092.1,N.A.,maw:MAC_01996,
72,>jgi|Crypa2|220820|gw1.1.1092.1,N.A.,nte:NEUTE1DRAFT77307,
72,>jgi|Crypa2|220820|gw1.1.1092.1,N.A.,mtm:MYCTH_2301940,
72,>jgi|Crypa2|220820|gw1.1.1092.1,N.A.,ncr:NCU04577,
72,>jgi|Crypa2|220820|gw1.1.1092.1,N.A.,smp:SMAC_02746,
72,>jgi|Crypa2|220820|gw1.1.1092.1,N.A.,mgr:MGG_06758,
72,>jgi|Crypa2|220820|gw1.1.1092.1,N.A.,ttt:THITE_2108108,
73,>jgi|Crypa2|244867|e_gw1.1.4566.1,K01358,mtm:MYCTH_2301936,
73,>jgi|Crypa2|244867|e_gw1.1.4566.1,K01358,pan:PODANSg8183,
73,>jgi|Crypa2|244867|e_gw1.1.4566.1,K01358,nte:NEUTE1DRAFT58625,
73,>jgi|Crypa2|244867|e_gw1.1.4566.1,K01358,ncr:NCU04578,
73,>jgi|Crypa2|244867|e_gw1.1.4566.1,K01358,ttt:THITE_2108107,
73,>jgi|Crypa2|244867|e_gw1.1.4566.1,K01358,fpu:FPSE_05149,
73,>jgi|Crypa2|244867|e_gw1.1.4566.1,K01358,mgr:MGG_06757,
73,>jgi|Crypa2|244867|e_gw1.1.4566.1,K01358,cmt:CCM_03717,
73,>jgi|Crypa2|244867|e_gw1.1.4566.1,K01358,vda:VDAG_04619,
73,>jgi|Crypa2|244867|e_gw1.1.4566.1,K01358,val:VDBG_09381,
74,>jgi|Crypa2|59925|Crypa1.fgenesh1_pm.C_scaffold_1001162,K01687,tmn:UCRPA7_8413,
74,>jgi|Crypa2|59925|Crypa1.fgenesh1_pm.C_scaffold_1001162,K01687,mtm:MYCTH_2301934,
74,>jgi|Crypa2|59925|Crypa1.fgenesh1_pm.C_scaffold_1001162,K01687,tre:TRIREDRAFT_4981,
74,>jgi|Crypa2|59925|Crypa1.fgenesh1_pm.C_scaffold_1001162,K01687,nte:NEUTE1DRAFT58629,
74,>jgi|Crypa2|59925|Crypa1.fgenesh1_pm.C_scaffold_1001162,K01687,ncr:NCU04579,
74,>jgi|Crypa2|59925|Crypa1.fgenesh1_pm.C_scaffold_1001162,K01687,ang:ANI_1_536034,
74,>jgi|Crypa2|59925|Crypa1.fgenesh1_pm.C_scaffold_1001162,K01687,ttt:THITE_2108104,
74,>jgi|Crypa2|59925|Crypa1.fgenesh1_pm.C_scaffold_1001162,K01687,maj:MAA_04754,
74,>jgi|Crypa2|59925|Crypa1.fgenesh1_pm.C_scaffold_1001162,K01687,maw:MAC_01998,
74,>jgi|Crypa2|59925|Crypa1.fgenesh1_pm.C_scaffold_1001162,K01687,cthr:CTHT_0068400,
75,>jgi|Crypa2|336684|fgenesh1_pm.1_#_1374,N.A.,tmn:UCRPA7_8414,
75,>jgi|Crypa2|336684|fgenesh1_pm.1_#_1374,N.A.,ela:UCREL1_10247,
75,>jgi|Crypa2|336684|fgenesh1_pm.1_#_1374,N.A.,fpu:FPSE_05146,
75,>jgi|Crypa2|336684|fgenesh1_pm.1_#_1374,N.A.,maj:MAA_04755,
75,>jgi|Crypa2|336684|fgenesh1_pm.1_#_1374,N.A.,mgr:MGG_05349,
75,>jgi|Crypa2|336684|fgenesh1_pm.1_#_1374,N.A.,maw:MAC_01999,
75,>jgi|Crypa2|336684|fgenesh1_pm.1_#_1374,N.A.,smp:SMAC_02749,
75,>jgi|Crypa2|336684|fgenesh1_pm.1_#_1374,N.A.,npa:UCRNP2_1669,
75,>jgi|Crypa2|336684|fgenesh1_pm.1_#_1374,N.A.,mtm:MYCTH_2090897,
75,>jgi|Crypa2|336684|fgenesh1_pm.1_#_1374,N.A.,nte:NEUTE1DRAFT77315,
76,>jgi|Crypa2|101138|Crypa1.estExt_fgenesh1_kg.C_10795,K10405,tmn:UCRPA7_8415,
76,>jgi|Crypa2|101138|Crypa1.estExt_fgenesh1_kg.C_10795,K10405,mtm:MYCTH_2301930,
76,>jgi|Crypa2|101138|Crypa1.estExt_fgenesh1_kg.C_10795,K10405,smp:SMAC_02750,
76,>jgi|Crypa2|101138|Crypa1.estExt_fgenesh1_kg.C_10795,K10405,nte:NEUTE1DRAFT77317,
76,>jgi|Crypa2|101138|Crypa1.estExt_fgenesh1_kg.C_10795,K10405,ncr:NCU04581,
76,>jgi|Crypa2|101138|Crypa1.estExt_fgenesh1_kg.C_10795,K10405,fpu:FPSE_05145,
76,>jgi|Crypa2|101138|Crypa1.estExt_fgenesh1_kg.C_10795,K10405,maw:MAC_02000,
76,>jgi|Crypa2|101138|Crypa1.estExt_fgenesh1_kg.C_10795,K10405,cthr:CTHT_0068430,
76,>jgi|Crypa2|101138|Crypa1.estExt_fgenesh1_kg.C_10795,K10405,cmt:CCM_05847,
76,>jgi|Crypa2|101138|Crypa1.estExt_fgenesh1_kg.C_10795,K10405,maj:MAA_04756,
77,>jgi|Crypa2|233003|gw1.1.3094.1,N.A.,tmn:UCRPA7_8416,
77,>jgi|Crypa2|233003|gw1.1.3094.1,N.A.,nte:NEUTE1DRAFT77340,
77,>jgi|Crypa2|233003|gw1.1.3094.1,N.A.,aor:AOR_1_26134,
77,>jgi|Crypa2|233003|gw1.1.3094.1,N.A.,mgr:MGG_05339,
77,>jgi|Crypa2|233003|gw1.1.3094.1,N.A.,act:ACLA_033100,
77,>jgi|Crypa2|233003|gw1.1.3094.1,N.A.,afv:AFLA_001470,
77,>jgi|Crypa2|233003|gw1.1.3094.1,N.A.,ang:ANI_1_1004034,
77,>jgi|Crypa2|233003|gw1.1.3094.1,N.A.,ttt:THITE_2108099,
77,>jgi|Crypa2|233003|gw1.1.3094.1,N.A.,afm:AFUA_1G01140,
77,>jgi|Crypa2|233003|gw1.1.3094.1,N.A.,smp:SMAC_02763,
78,>jgi|Crypa2|246064|e_gw1.1.806.1,K05917,ela:UCREL1_2245,
78,>jgi|Crypa2|246064|e_gw1.1.806.1,K05917,bcom:BAUCODRAFT_216247,
78,>jgi|Crypa2|246064|e_gw1.1.806.1,N.A.,mgr:MGG_07210,
78,>jgi|Crypa2|246064|e_gw1.1.806.1,N.A.,tre:TRIREDRAFT_4999,
78,>jgi|Crypa2|246064|e_gw1.1.806.1,K05917,ztr:MYCGRDRAFT_65227,
78,>jgi|Crypa2|246064|e_gw1.1.806.1,N.A.,smp:SMAC_06508,
78,>jgi|Crypa2|246064|e_gw1.1.806.1,N.A.,tmn:UCRPA7_5626,
78,>jgi|Crypa2|246064|e_gw1.1.806.1,N.A.,bsc:COCSADRAFT_346074,
78,>jgi|Crypa2|246064|e_gw1.1.806.1,K05917,pfj:MYCFIDRAFT_211364,
78,>jgi|Crypa2|246064|e_gw1.1.806.1,N.A.,bze:COCCADRAFT_36220,
79,>jgi|Crypa2|67508|Crypa1.fgenesh1_pg.C_scaffold_1001605,N.A.,ela:UCREL1_4385,
79,>jgi|Crypa2|67508|Crypa1.fgenesh1_pg.C_scaffold_1001605,N.A.,pan:PODANSg3305,
79,>jgi|Crypa2|67508|Crypa1.fgenesh1_pg.C_scaffold_1001605,N.A.,tkm:TK90_1466,
79,>jgi|Crypa2|67508|Crypa1.fgenesh1_pg.C_scaffold_1001605,N.A.,phu:Phum_PHUM430250,
79,>jgi|Crypa2|67508|Crypa1.fgenesh1_pg.C_scaffold_1001605,K08000,cin:100183446,
79,>jgi|Crypa2|67508|Crypa1.fgenesh1_pg.C_scaffold_1001605,K07466,bdi:104583264,
80,>jgi|Crypa2|243336|gw1.1.4744.1,N.A.,mgr:MGG_09418,
80,>jgi|Crypa2|243336|gw1.1.4744.1,N.A.,tmn:UCRPA7_6666,
80,>jgi|Crypa2|243336|gw1.1.4744.1,N.A.,smp:SMAC_07240,
80,>jgi|Crypa2|243336|gw1.1.4744.1,N.A.,nte:NEUTE1DRAFT130811,
80,>jgi|Crypa2|243336|gw1.1.4744.1,N.A.,ncr:NCU03506,
80,>jgi|Crypa2|243336|gw1.1.4744.1,N.A.,ttt:THITE_2147947,
80,>jgi|Crypa2|243336|gw1.1.4744.1,N.A.,pan:PODANSg6405,
80,>jgi|Crypa2|243336|gw1.1.4744.1,N.A.,nhe:NECHADRAFT_102389,
80,>jgi|Crypa2|243336|gw1.1.4744.1,N.A.,fgr:FGSG_00878,
80,>jgi|Crypa2|243336|gw1.1.4744.1,N.A.,fpu:FPSE_11654,
81,>jgi|Crypa2|326578|fgenesh1_pg.1_#_1654,N.A.,bfu:BC1G_09391,
81,>jgi|Crypa2|326578|fgenesh1_pg.1_#_1654,N.A.,ang:ANI_1_1504104,
81,>jgi|Crypa2|326578|fgenesh1_pg.1_#_1654,K03927,bfu:BC1G_03886,
81,>jgi|Crypa2|326578|fgenesh1_pg.1_#_1654,K03927,ssl:SS1G_10875,
81,>jgi|Crypa2|326578|fgenesh1_pg.1_#_1654,N.A.,ang:ANI_1_370054,
81,>jgi|Crypa2|326578|fgenesh1_pg.1_#_1654,K03927,npa:UCRNP2_4636,
81,>jgi|Crypa2|326578|fgenesh1_pg.1_#_1654,K03927,ang:ANI_1_216174,
81,>jgi|Crypa2|326578|fgenesh1_pg.1_#_1654,N.A.,ang:ANI_1_854114,
81,>jgi|Crypa2|326578|fgenesh1_pg.1_#_1654,K03927,bfu:BC1G_02487,
81,>jgi|Crypa2|326578|fgenesh1_pg.1_#_1654,K03927,nhe:NECHADRAFT_34817,
82,>jgi|Crypa2|241855|gw1.1.4551.1,N.A.,pan:PODANSg8193,
82,>jgi|Crypa2|241855|gw1.1.4551.1,N.A.,cim:CIMG_09897,
82,>jgi|Crypa2|241855|gw1.1.4551.1,N.A.,cpw:CPC735_011150,
82,>jgi|Crypa2|241855|gw1.1.4551.1,N.A.,tve:TRV_07765,
82,>jgi|Crypa2|241855|gw1.1.4551.1,N.A.,val:VDBG_09388,
82,>jgi|Crypa2|241855|gw1.1.4551.1,N.A.,ure:UREG_06064,
82,>jgi|Crypa2|241855|gw1.1.4551.1,N.A.,abe:ARB_07148,
82,>jgi|Crypa2|241855|gw1.1.4551.1,N.A.,mgr:MGG_13017,
82,>jgi|Crypa2|241855|gw1.1.4551.1,N.A.,ttt:THITE_2108102,
82,>jgi|Crypa2|241855|gw1.1.4551.1,N.A.,mtm:MYCTH_2301927,
83,>jgi|Crypa2|54208|Crypa1.fgenesh1_kg.C_scaffold_1000793,N.A.,sla:SERLADRAFT_397330,
83,>jgi|Crypa2|54208|Crypa1.fgenesh1_kg.C_scaffold_1000793,N.A.,ppl:POSPLDRAFT_92891,
83,>jgi|Crypa2|54208|Crypa1.fgenesh1_kg.C_scaffold_1000793,N.A.,adl:AURDEDRAFT_118764,
83,>jgi|Crypa2|54208|Crypa1.fgenesh1_kg.C_scaffold_1000793,N.A.,dsq:DICSQDRAFT_103680,
83,>jgi|Crypa2|54208|Crypa1.fgenesh1_kg.C_scaffold_1000793,N.A.,nhe:NECHADRAFT_123372,
83,>jgi|Crypa2|54208|Crypa1.fgenesh1_kg.C_scaffold_1000793,N.A.,ang:ANI_1_198024,
83,>jgi|Crypa2|54208|Crypa1.fgenesh1_kg.C_scaffold_1000793,N.A.,gtr:GLOTRDRAFT_103842,
83,>jgi|Crypa2|54208|Crypa1.fgenesh1_kg.C_scaffold_1000793,N.A.,cci:CC1G_09155,
83,>jgi|Crypa2|54208|Crypa1.fgenesh1_kg.C_scaffold_1000793,N.A.,ela:UCREL1_1162,
83,>jgi|Crypa2|54208|Crypa1.fgenesh1_kg.C_scaffold_1000793,N.A.,gtr:GLOTRDRAFT_56292,
84,>jgi|Crypa2|67503|Crypa1.fgenesh1_pg.C_scaffold_1001600,N.A.,ssl:SS1G_06046,
84,>jgi|Crypa2|67503|Crypa1.fgenesh1_pg.C_scaffold_1001600,N.A.,tve:TRV_01575,
84,>jgi|Crypa2|67503|Crypa1.fgenesh1_pg.C_scaffold_1001600,N.A.,abe:ARB_00509,
84,>jgi|Crypa2|67503|Crypa1.fgenesh1_pg.C_scaffold_1001600,N.A.,pno:SNOG_04605,
84,>jgi|Crypa2|67503|Crypa1.fgenesh1_pg.C_scaffold_1001600,N.A.,maj:MAA_02003,
84,>jgi|Crypa2|67503|Crypa1.fgenesh1_pg.C_scaffold_1001600,N.A.,maw:MAC_03403,
84,>jgi|Crypa2|67503|Crypa1.fgenesh1_pg.C_scaffold_1001600,N.A.,pan:PODANSg8197,
84,>jgi|Crypa2|67503|Crypa1.fgenesh1_pg.C_scaffold_1001600,N.A.,afv:AFLA_124040,
84,>jgi|Crypa2|67503|Crypa1.fgenesh1_pg.C_scaffold_1001600,N.A.,aor:AOR_1_154064,
84,>jgi|Crypa2|67503|Crypa1.fgenesh1_pg.C_scaffold_1001600,N.A.,mtm:MYCTH_106798,
85,>jgi|Crypa2|344513|estExt_fgenesh1_pm.C_11353,K01166,pan:PODANSg8198,
85,>jgi|Crypa2|344513|estExt_fgenesh1_pm.C_11353,K01166,mgr:MGG_05342,
85,>jgi|Crypa2|344513|estExt_fgenesh1_pm.C_11353,K01166,vda:VDAG_04639,
85,>jgi|Crypa2|344513|estExt_fgenesh1_pm.C_11353,K01166,val:VDBG_09401,
85,>jgi|Crypa2|344513|estExt_fgenesh1_pm.C_11353,K01166,tmn:UCRPA7_5724,
85,>jgi|Crypa2|344513|estExt_fgenesh1_pm.C_11353,K01166,ure:UREG_06570,
85,>jgi|Crypa2|344513|estExt_fgenesh1_pm.C_11353,K01166,mbe:MBM_04414,
85,>jgi|Crypa2|344513|estExt_fgenesh1_pm.C_11353,K01166,cpw:CPC735_069040,
85,>jgi|Crypa2|344513|estExt_fgenesh1_pm.C_11353,K01166,cim:CIMG_11448,
85,>jgi|Crypa2|344513|estExt_fgenesh1_pm.C_11353,K01166,cmt:CCM_01355,
86,>jgi|Crypa2|87973|Crypa1.estExt_Genewise1Plus.C_13371,N.A.,tmn:UCRPA7_5725,
86,>jgi|Crypa2|87973|Crypa1.estExt_Genewise1Plus.C_13371,N.A.,ncr:NCU07788,
86,>jgi|Crypa2|87973|Crypa1.estExt_Genewise1Plus.C_13371,N.A.,nte:NEUTE1DRAFT59081,
86,>jgi|Crypa2|87973|Crypa1.estExt_Genewise1Plus.C_13371,N.A.,bfu:BC1G_14575,
86,>jgi|Crypa2|87973|Crypa1.estExt_Genewise1Plus.C_13371,N.A.,mbe:MBM_09456,
86,>jgi|Crypa2|87973|Crypa1.estExt_Genewise1Plus.C_13371,N.A.,maw:MAC_05572,
86,>jgi|Crypa2|87973|Crypa1.estExt_Genewise1Plus.C_13371,N.A.,cmt:CCM_09080,
86,>jgi|Crypa2|87973|Crypa1.estExt_Genewise1Plus.C_13371,N.A.,mgr:MGG_05343,
86,>jgi|Crypa2|87973|Crypa1.estExt_Genewise1Plus.C_13371,N.A.,cthr:CTHT_0068480,
86,>jgi|Crypa2|87973|Crypa1.estExt_Genewise1Plus.C_13371,N.A.,maj:MAA_05009,
87,>jgi|Crypa2|349579|estExt_fgenesh1_pg.C_11625,K07393,gtr:GLOTRDRAFT_120328,
87,>jgi|Crypa2|349579|estExt_fgenesh1_pg.C_11625,N.A.,mgr:MGG_02244,
87,>jgi|Crypa2|349579|estExt_fgenesh1_pg.C_11625,K07393,npa:UCRNP2_2219,
87,>jgi|Crypa2|349579|estExt_fgenesh1_pg.C_11625,K07393,psq:PUNSTDRAFT_55793,
87,>jgi|Crypa2|349579|estExt_fgenesh1_pg.C_11625,K07393,nhe:NECHADRAFT_51934,
87,>jgi|Crypa2|349579|estExt_fgenesh1_pg.C_11625,K07393,bcom:BAUCODRAFT_75408,
87,>jgi|Crypa2|349579|estExt_fgenesh1_pg.C_11625,K07393,pno:SNOG_02588,
87,>jgi|Crypa2|349579|estExt_fgenesh1_pg.C_11625,N.A.,ang:ANI_1_1448034,
87,>jgi|Crypa2|349579|estExt_fgenesh1_pg.C_11625,K07393,pfj:MYCFIDRAFT_44255,
87,>jgi|Crypa2|349579|estExt_fgenesh1_pg.C_11625,K07393,ela:UCREL1_10599,
88,>jgi|Crypa2|246672|e_gw1.1.449.1,N.A.,tmn:UCRPA7_5734,
88,>jgi|Crypa2|246672|e_gw1.1.449.1,N.A.,ttt:THITE_2074103,
88,>jgi|Crypa2|246672|e_gw1.1.449.1,N.A.,mtm:MYCTH_2301878,
88,>jgi|Crypa2|246672|e_gw1.1.449.1,N.A.,mgr:MGG_05340,
88,>jgi|Crypa2|246672|e_gw1.1.449.1,N.A.,pan:PODANSg8208,
88,>jgi|Crypa2|246672|e_gw1.1.449.1,N.A.,ela:UCREL1_5945,
88,>jgi|Crypa2|246672|e_gw1.1.449.1,N.A.,mbe:MBM_00346,
88,>jgi|Crypa2|246672|e_gw1.1.449.1,N.A.,maw:MAC_05573,
88,>jgi|Crypa2|246672|e_gw1.1.449.1,N.A.,bfu:BC1G_09173,
88,>jgi|Crypa2|246672|e_gw1.1.449.1,N.A.,smp:SMAC_07964,
89,>jgi|Crypa2|326570|fgenesh1_pg.1_#_1646,K03572,chl:Chy400_1241,
89,>jgi|Crypa2|326570|fgenesh1_pg.1_#_1646,K03572,cau:Caur_1133,
89,>jgi|Crypa2|326570|fgenesh1_pg.1_#_1646,K03572,cag:Cagg_1936,
90,>jgi|Crypa2|247894|e_gw1.1.3585.1,N.A.,ttt:THITE_2108053,
90,>jgi|Crypa2|247894|e_gw1.1.3585.1,N.A.,pan:PODANSg8207,
90,>jgi|Crypa2|247894|e_gw1.1.3585.1,N.A.,mgr:MGG_05341,
90,>jgi|Crypa2|247894|e_gw1.1.3585.1,N.A.,cmt:CCM_07228,
90,>jgi|Crypa2|247894|e_gw1.1.3585.1,N.A.,tre:TRIREDRAFT_66353,
90,>jgi|Crypa2|247894|e_gw1.1.3585.1,N.A.,maj:MAA_04743,
90,>jgi|Crypa2|247894|e_gw1.1.3585.1,N.A.,maw:MAC_01987,
90,>jgi|Crypa2|247894|e_gw1.1.3585.1,N.A.,smp:SMAC_07965,
90,>jgi|Crypa2|247894|e_gw1.1.3585.1,N.A.,nte:NEUTE1DRAFT77820,
90,>jgi|Crypa2|247894|e_gw1.1.3585.1,N.A.,vda:VDAG_07268,
91,>jgi|Crypa2|344509|estExt_fgenesh1_pm.C_11349,N.A.,fgr:FGSG_10695,
91,>jgi|Crypa2|344509|estExt_fgenesh1_pm.C_11349,N.A.,pfj:MYCFIDRAFT_152826,
91,>jgi|Crypa2|344509|estExt_fgenesh1_pm.C_11349,N.A.,ssl:SS1G_06211,
91,>jgi|Crypa2|344509|estExt_fgenesh1_pm.C_11349,N.A.,bfu:BC1G_13046,
91,>jgi|Crypa2|344509|estExt_fgenesh1_pm.C_11349,N.A.,nhe:NECHADRAFT_45567,
91,>jgi|Crypa2|344509|estExt_fgenesh1_pm.C_11349,N.A.,bfu:BC1G_16084,
91,>jgi|Crypa2|344509|estExt_fgenesh1_pm.C_11349,N.A.,tre:TRIREDRAFT_70339,
91,>jgi|Crypa2|344509|estExt_fgenesh1_pm.C_11349,N.A.,ani:AN1737.2,
91,>jgi|Crypa2|344509|estExt_fgenesh1_pm.C_11349,N.A.,act:ACLA_073680,
91,>jgi|Crypa2|344509|estExt_fgenesh1_pm.C_11349,N.A.,pcs:Pc13g06690,
92,>jgi|Crypa2|354716|estExt_fgenesh1_kg.C_10742,N.A.,ztr:MYCGRDRAFT_96123,
92,>jgi|Crypa2|354716|estExt_fgenesh1_kg.C_10742,N.A.,pfj:MYCFIDRAFT_131941,
92,>jgi|Crypa2|354716|estExt_fgenesh1_kg.C_10742,N.A.,ssl:SS1G_06984,
92,>jgi|Crypa2|354716|estExt_fgenesh1_kg.C_10742,N.A.,mbe:MBM_07984,
92,>jgi|Crypa2|354716|estExt_fgenesh1_kg.C_10742,N.A.,gtr:GLOTRDRAFT_140754,
92,>jgi|Crypa2|354716|estExt_fgenesh1_kg.C_10742,N.A.,npa:UCRNP2_2118,
92,>jgi|Crypa2|354716|estExt_fgenesh1_kg.C_10742,N.A.,bor:COCMIDRAFT_29699,
92,>jgi|Crypa2|354716|estExt_fgenesh1_kg.C_10742,N.A.,bze:COCCADRAFT_96721,
92,>jgi|Crypa2|354716|estExt_fgenesh1_kg.C_10742,N.A.,bsc:COCSADRAFT_225518,
92,>jgi|Crypa2|354716|estExt_fgenesh1_kg.C_10742,N.A.,pno:SNOG_03922,
93,>jgi|Crypa2|32811|Crypa1.e_gw1.1.2699.1,N.A.,tmn:UCRPA7_5741,
93,>jgi|Crypa2|32811|Crypa1.e_gw1.1.2699.1,N.A.,pan:PODANSg8236,
93,>jgi|Crypa2|32811|Crypa1.e_gw1.1.2699.1,N.A.,ttt:THITE_2108029,
93,>jgi|Crypa2|32811|Crypa1.e_gw1.1.2699.1,N.A.,mtm:MYCTH_2301834,
93,>jgi|Crypa2|32811|Crypa1.e_gw1.1.2699.1,N.A.,tre:TRIREDRAFT_70847,
93,>jgi|Crypa2|32811|Crypa1.e_gw1.1.2699.1,N.A.,maj:MAA_05016,
93,>jgi|Crypa2|32811|Crypa1.e_gw1.1.2699.1,N.A.,val:VDBG_10166,
93,>jgi|Crypa2|32811|Crypa1.e_gw1.1.2699.1,N.A.,vda:VDAG_10468,
93,>jgi|Crypa2|32811|Crypa1.e_gw1.1.2699.1,N.A.,smp:SMAC_05096,
93,>jgi|Crypa2|32811|Crypa1.e_gw1.1.2699.1,N.A.,cthr:CTHT_0068730,
94,>jgi|Crypa2|25834|Crypa1.gw1.1.2585.1,N.A.,tmn:UCRPA7_6031,
94,>jgi|Crypa2|25834|Crypa1.gw1.1.2585.1,N.A.,ela:UCREL1_9153,
94,>jgi|Crypa2|25834|Crypa1.gw1.1.2585.1,N.A.,mtm:MYCTH_52514,
94,>jgi|Crypa2|25834|Crypa1.gw1.1.2585.1,N.A.,ttt:THITE_2145591,
94,>jgi|Crypa2|25834|Crypa1.gw1.1.2585.1,N.A.,nte:NEUTE1DRAFT148368,
94,>jgi|Crypa2|25834|Crypa1.gw1.1.2585.1,N.A.,ncr:NCU05882,
94,>jgi|Crypa2|25834|Crypa1.gw1.1.2585.1,N.A.,smp:SMAC_08559,
94,>jgi|Crypa2|25834|Crypa1.gw1.1.2585.1,N.A.,mgr:MGG_10423,
94,>jgi|Crypa2|25834|Crypa1.gw1.1.2585.1,N.A.,ela:UCREL1_120,
94,>jgi|Crypa2|25834|Crypa1.gw1.1.2585.1,N.A.,bfu:BC1G_02740,
95,>jgi|Crypa2|354715|estExt_fgenesh1_kg.C_10741,N.A.,pan:PODANSg8245,
95,>jgi|Crypa2|354715|estExt_fgenesh1_kg.C_10741,N.A.,vda:VDAG_07250,
95,>jgi|Crypa2|354715|estExt_fgenesh1_kg.C_10741,N.A.,mgr:MGG_06781,
95,>jgi|Crypa2|354715|estExt_fgenesh1_kg.C_10741,N.A.,ttt:THITE_2108022,
95,>jgi|Crypa2|354715|estExt_fgenesh1_kg.C_10741,N.A.,nhe:NECHADRAFT_64257,
95,>jgi|Crypa2|354715|estExt_fgenesh1_kg.C_10741,N.A.,maw:MAC_01991,
95,>jgi|Crypa2|354715|estExt_fgenesh1_kg.C_10741,N.A.,maj:MAA_10656,
95,>jgi|Crypa2|354715|estExt_fgenesh1_kg.C_10741,N.A.,ela:UCREL1_164,
95,>jgi|Crypa2|354715|estExt_fgenesh1_kg.C_10741,N.A.,mtm:MYCTH_2301828,
95,>jgi|Crypa2|354715|estExt_fgenesh1_kg.C_10741,N.A.,tre:TRIREDRAFT_4996,
96,>jgi|Crypa2|286042|estExt_Genewise1Plus.C_14009,N.A.,mtm:MYCTH_84047,
96,>jgi|Crypa2|286042|estExt_Genewise1Plus.C_14009,N.A.,tmn:UCRPA7_5740,
96,>jgi|Crypa2|286042|estExt_Genewise1Plus.C_14009,N.A.,ela:UCREL1_10787,
96,>jgi|Crypa2|286042|estExt_Genewise1Plus.C_14009,N.A.,nhe:NECHADRAFT_93812,
96,>jgi|Crypa2|286042|estExt_Genewise1Plus.C_14009,N.A.,fgr:FGSG_10375,
96,>jgi|Crypa2|286042|estExt_Genewise1Plus.C_14009,N.A.,fpu:FPSE_01194,
96,>jgi|Crypa2|286042|estExt_Genewise1Plus.C_14009,N.A.,maw:MAC_04938,
96,>jgi|Crypa2|286042|estExt_Genewise1Plus.C_14009,N.A.,vda:VDAG_07249,
96,>jgi|Crypa2|286042|estExt_Genewise1Plus.C_14009,N.A.,mgr:MGG_06782,
96,>jgi|Crypa2|286042|estExt_Genewise1Plus.C_14009,N.A.,tre:TRIREDRAFT_69141,
97,>jgi|Crypa2|67491|Crypa1.fgenesh1_pg.C_scaffold_1001588,N.A.,ttt:THITE_46100,
97,>jgi|Crypa2|67491|Crypa1.fgenesh1_pg.C_scaffold_1001588,N.A.,vda:VDAG_08108,
97,>jgi|Crypa2|67491|Crypa1.fgenesh1_pg.C_scaffold_1001588,N.A.,nte:NEUTE1DRAFT70190,
97,>jgi|Crypa2|67491|Crypa1.fgenesh1_pg.C_scaffold_1001588,N.A.,tmn:UCRPA7_2323,
97,>jgi|Crypa2|67491|Crypa1.fgenesh1_pg.C_scaffold_1001588,K13675,clv:102091979,
97,>jgi|Crypa2|67491|Crypa1.fgenesh1_pg.C_scaffold_1001588,K13675,fpg:101912579,
97,>jgi|Crypa2|67491|Crypa1.fgenesh1_pg.C_scaffold_1001588,N.A.,val:VDBG_08443,
97,>jgi|Crypa2|67491|Crypa1.fgenesh1_pg.C_scaffold_1001588,K13675,apla:101798733,
97,>jgi|Crypa2|67491|Crypa1.fgenesh1_pg.C_scaffold_1001588,N.A.,mag:amb0426,
97,>jgi|Crypa2|67491|Crypa1.fgenesh1_pg.C_scaffold_1001588,K13675,fch:102052515,
98,>jgi|Crypa2|326562|fgenesh1_pg.1_#_1638,K03113,tpe:Tpen_0505,
98,>jgi|Crypa2|326562|fgenesh1_pg.1_#_1638,K07679,psv:PVLB_07715,
98,>jgi|Crypa2|326562|fgenesh1_pg.1_#_1638,K03113,cme:CYME_CMT321C,
98,>jgi|Crypa2|326562|fgenesh1_pg.1_#_1638,K01069,spo:SPAC824.07,
98,>jgi|Crypa2|326562|fgenesh1_pg.1_#_1638,K03113,ccp:CHC_T00008969001,
99,>jgi|Crypa2|245563|e_gw1.1.3443.1,N.A.,pan:PODANSg5999,
99,>jgi|Crypa2|245563|e_gw1.1.3443.1,N.A.,nte:NEUTE1DRAFT135752,
99,>jgi|Crypa2|245563|e_gw1.1.3443.1,N.A.,ttt:THITE_2088794,
99,>jgi|Crypa2|245563|e_gw1.1.3443.1,N.A.,ncr:NCU04865,
99,>jgi|Crypa2|245563|e_gw1.1.3443.1,N.A.,smp:SMAC_09261,
99,>jgi|Crypa2|245563|e_gw1.1.3443.1,N.A.,npa:UCRNP2_161,
99,>jgi|Crypa2|245563|e_gw1.1.3443.1,N.A.,mtm:MYCTH_115501,
99,>jgi|Crypa2|245563|e_gw1.1.3443.1,N.A.,pte:PTT_10611,
99,>jgi|Crypa2|245563|e_gw1.1.3443.1,N.A.,bor:COCMIDRAFT_7963,
99,>jgi|Crypa2|245563|e_gw1.1.3443.1,N.A.,ani:AN6791.2,
100,>jgi|Crypa2|354713|estExt_fgenesh1_kg.C_10739,N.A.,afv:AFLA_139290,
100,>jgi|Crypa2|354713|estExt_fgenesh1_kg.C_10739,N.A.,aor:AOR_1_42014,
100,>jgi|Crypa2|354713|estExt_fgenesh1_kg.C_10739,N.A.,afv:AFLA_089590,
100,>jgi|Crypa2|354713|estExt_fgenesh1_kg.C_10739,N.A.,aor:AOR_1_82104,
100,>jgi|Crypa2|354713|estExt_fgenesh1_kg.C_10739,N.A.,nhe:NECHADRAFT_83030,
100,>jgi|Crypa2|354713|estExt_fgenesh1_kg.C_10739,N.A.,ela:UCREL1_11808,
100,>jgi|Crypa2|354713|estExt_fgenesh1_kg.C_10739,N.A.,ang:ANI_1_3350014,
100,>jgi|Crypa2|354713|estExt_fgenesh1_kg.C_10739,N.A.,aor:AOR_1_350174,
100,>jgi|Crypa2|354713|estExt_fgenesh1_kg.C_10739,N.A.,pcs:Pc22g01090,
100,>jgi|Crypa2|354713|estExt_fgenesh1_kg.C_10739,N.A.,tmn:UCRPA7_6090,
101,>jgi|Crypa2|225190|gw1.1.1887.1,N.A.,mtm:MYCTH_41181,
101,>jgi|Crypa2|225190|gw1.1.1887.1,N.A.,bfu:BC1G_00103,
101,>jgi|Crypa2|225190|gw1.1.1887.1,K06125,ssl:SS1G_10405,
101,>jgi|Crypa2|225190|gw1.1.1887.1,N.A.,cmt:CCM_03738,
101,>jgi|Crypa2|225190|gw1.1.1887.1,K07936,mtr:MTR_3g107710,
101,>jgi|Crypa2|225190|gw1.1.1887.1,K11886,smp:SMAC_01454,
101,>jgi|Crypa2|225190|gw1.1.1887.1,K04506,sly:101260503,
102,>jgi|Crypa2|245770|e_gw1.1.548.1,N.A.,ela:UCREL1_10567,
102,>jgi|Crypa2|245770|e_gw1.1.548.1,N.A.,mtm:MYCTH_2059428,
102,>jgi|Crypa2|245770|e_gw1.1.548.1,N.A.,tmn:UCRPA7_224,
102,>jgi|Crypa2|245770|e_gw1.1.548.1,N.A.,ttt:THITE_40154,
102,>jgi|Crypa2|245770|e_gw1.1.548.1,N.A.,mtm:MYCTH_2311259,
102,>jgi|Crypa2|245770|e_gw1.1.548.1,N.A.,tmn:UCRPA7_8270,
102,>jgi|Crypa2|245770|e_gw1.1.548.1,N.A.,tmn:UCRPA7_4272,
102,>jgi|Crypa2|245770|e_gw1.1.548.1,N.A.,npa:UCRNP2_1430,
102,>jgi|Crypa2|245770|e_gw1.1.548.1,N.A.,pan:PODANSg8452,
102,>jgi|Crypa2|245770|e_gw1.1.548.1,N.A.,aor:AOR_1_676024,
